ASSEMBLY_NAME,ASSEMBLY_ACC,STUDY_ID,SAMPLE_ID,CONTIG_ACC,SCAFFOLD_ACC,CHROMOSOME_ACC
UC_ERR1809139,ERZ1739316,PRJEB41812,ERS1509319,ERZ1739316.1-ERZ1739316.542,,
UC_ERR2270940,ERZ1739317,PRJEB41812,ERS2160330,ERZ1739317.1-ERZ1739317.107,,
UC_ERR695608,ERZ1739318,PRJEB41812,ERS625316,ERZ1739318.1-ERZ1739318.1957,,
UC_ERR634973,ERZ1739319,PRJEB41812,ERS482853,ERZ1739319.1-ERZ1739319.2522,,
UC_ERR1823595,ERZ1739320,PRJEB41812,ERS1546039,ERZ1739320.1-ERZ1739320.3343,,
UC_ERR505092,ERZ1739321,PRJEB41812,ERS433551,ERZ1739321.1-ERZ1739321.2062,,
UC_ERR1297806,ERZ1739322,PRJEB41812,ERS1069653,ERZ1739322.1-ERZ1739322.1795,,
UC_ERR1297782,ERZ1739323,PRJEB41812,ERS1069663,ERZ1739323.1-ERZ1739323.457,,
UC_ERR1913274,ERZ1739324,PRJEB41812,ERS1647294,ERZ1739324.1-ERZ1739324.15,,
UC_ERR1474609,ERZ1739325,PRJEB41812,SRS015055,ERZ1739325.1-ERZ1739325.1503,,
UC_ERR1744184,ERZ1739326,PRJEB41812,ERS1462083,ERZ1739326.1-ERZ1739326.4705,,
UC_ERR2014365,ERZ1739327,PRJEB41812,ERS1796490,ERZ1739327.1-ERZ1739327.426,,
UC_ERR2036068,ERZ1739328,PRJEB41812,ERS1825751,ERZ1739328.1-ERZ1739328.121,,
UC_ERR1297831,ERZ1739329,PRJEB41812,ERS1069645,ERZ1739329.1-ERZ1739329.1088,,
UC_ERR1022509,ERZ1739330,PRJEB41812,ERS853156,ERZ1739330.1-ERZ1739330.315,,
UC_ERR2014376,ERZ1739331,PRJEB41812,ERS1796501,ERZ1739331.1-ERZ1739331.311,,
UC_ERR634982,ERZ1739332,PRJEB41812,ERS482862,ERZ1739332.1-ERZ1739332.260,,
UC_ERR1809156,ERZ1739333,PRJEB41812,ERS1509329,ERZ1739333.1-ERZ1739333.86,,
UC_ERR1022500,ERZ1739334,PRJEB41812,ERS853147,ERZ1739334.1-ERZ1739334.1317,,
UC_ERR1809128,ERZ1739335,PRJEB41812,ERS1509317,ERZ1739335.1-ERZ1739335.190,,
UC_ERR1913244,ERZ1739336,PRJEB41812,ERS1647300,ERZ1739336.1-ERZ1739336.19,,
UC_ERR1611387,ERZ1739337,PRJEB41812,ERS1336015,ERZ1739337.1-ERZ1739337.333,,
UC_ERR1809123,ERZ1739338,PRJEB41812,ERS1509315,ERZ1739338.1-ERZ1739338.361,,
UC_ERR505085,ERZ1739339,PRJEB41812,ERS433544,ERZ1739339.1-ERZ1739339.5371,,
UC_ERR505102,ERZ1739340,PRJEB41812,ERS433561,ERZ1739340.1-ERZ1739340.1941,,
UC_ERR1611415,ERZ1739341,PRJEB41812,ERS1336043,ERZ1739341.1-ERZ1739341.57,,
UC_ERR537010,ERZ1739342,PRJEB41812,ERS480593,ERZ1739342.1-ERZ1739342.2818,,
UC_ERR1297819,ERZ1739343,PRJEB41812,ERS1069661,ERZ1739343.1-ERZ1739343.719,,
UC_SRR1044006,ERZ1739344,PRJEB41812,SRS511706,ERZ1739344.1-ERZ1739344.2248,,
UC_ERR1823589,ERZ1739345,PRJEB41812,ERS1546033,ERZ1739345.1-ERZ1739345.494,,
UC_ERR1823611,ERZ1739346,PRJEB41812,ERS1546055,ERZ1739346.1-ERZ1739346.371,,
UC_SRR1045098,ERZ1739347,PRJEB41812,SRS512700,ERZ1739347.1-ERZ1739347.164,,
UC_ERR1809132,ERZ1739348,PRJEB41812,ERS1509317,ERZ1739348.1-ERZ1739348.204,,
UC_ERR719858,ERZ1739349,PRJEB41812,ERS634928,ERZ1739349.1-ERZ1739349.694,,
UC_ERR1681531,ERZ1739350,PRJEB41812,ERS1374911,ERZ1739350.1-ERZ1739350.117,,
UC_ERR1611391,ERZ1739351,PRJEB41812,ERS1336019,ERZ1739351.1-ERZ1739351.257,,
UC_ERR505105,ERZ1739352,PRJEB41812,ERS433564,ERZ1739352.1-ERZ1739352.3675,,
UC_ERR1823592,ERZ1739353,PRJEB41812,ERS1546036,ERZ1739353.1-ERZ1739353.3011,,
UC_ERR1600438,ERZ1739354,PRJEB41812,ERS1324498,ERZ1739354.1-ERZ1739354.3,,
UC_ERR2271043,ERZ1739355,PRJEB41812,ERS2160995,ERZ1739355.1-ERZ1739355.890,,
UC_ERR1611395,ERZ1739356,PRJEB41812,ERS1336023,ERZ1739356.1-ERZ1739356.246,,
UC_SRR1636507,ERZ1739357,PRJEB41812,SRS734854,ERZ1739357.1-ERZ1739357.186,,
UC_ERR719870,ERZ1739358,PRJEB41812,ERS634952,ERZ1739358.1-ERZ1739358.737,,
UC_ERR598795,ERZ1739359,PRJEB41812,ERS542299,ERZ1739359.1-ERZ1739359.98,,
UC_ERR1297768,ERZ1739360,PRJEB41812,ERS1069643,ERZ1739360.1-ERZ1739360.614,,
UC_ERR2014380,ERZ1739361,PRJEB41812,ERS1796505,ERZ1739361.1-ERZ1739361.41,,
UC_ERR1913236,ERZ1739362,PRJEB41812,ERS1647311,ERZ1739362.1-ERZ1739362.278,,
UC_ERR719437,ERZ1739363,PRJEB41812,ERS634944,ERZ1739363.1-ERZ1739363.496,,
UC_ERR719362,ERZ1739364,PRJEB41812,ERS634943,ERZ1739364.1-ERZ1739364.283,,
UC_ERR505087,ERZ1739365,PRJEB41812,ERS433546,ERZ1739365.1-ERZ1739365.1901,,
UC_ERR1809149,ERZ1739366,PRJEB41812,ERS1509323,ERZ1739366.1-ERZ1739366.83,,
UC_SRR1045096,ERZ1739367,PRJEB41812,SRS512698,ERZ1739367.1-ERZ1739367.1419,,
UC_ERR719408,ERZ1739368,PRJEB41812,ERS634920,ERZ1739368.1-ERZ1739368.600,,
UC_ERR1549320,ERZ1739369,PRJEB41812,ERS1268581,ERZ1739369.1-ERZ1739369.6,,
UC_ERR1297825,ERZ1739370,PRJEB41812,ERS1069677,ERZ1739370.1-ERZ1739370.419,,
UC_ERR1297830,ERZ1739371,PRJEB41812,ERS1069639,ERZ1739371.1-ERZ1739371.578,,
UC_ERR719403,ERZ1739372,PRJEB41812,ERS634920,ERZ1739372.1-ERZ1739372.494,,
UC_ERR1474610,ERZ1739373,PRJEB41812,SRS019120,ERZ1739373.1-ERZ1739373.1864,,
UC_ERR1913275,ERZ1739374,PRJEB41812,ERS1647294,ERZ1739374.1-ERZ1739374.15,,
UC_ERR1297793,ERZ1739375,PRJEB41812,ERS1069677,ERZ1739375.1-ERZ1739375.380,,
UC_ERR719933,ERZ1739376,PRJEB41812,ERS634977,ERZ1739376.1-ERZ1739376.833,,
UC_ERR1913225,ERZ1739377,PRJEB41812,ERS1647288,ERZ1739377.1-ERZ1739377.14,,
UC_ERR1913319,ERZ1739378,PRJEB41812,ERS1647334,ERZ1739378.1-ERZ1739378.439,,
UC_ERR719445,ERZ1739379,PRJEB41812,ERS634968,ERZ1739379.1-ERZ1739379.1079,,
UC_ERR1297784,ERZ1739380,PRJEB41812,ERS1069684,ERZ1739380.1-ERZ1739380.246,,
UC_ERR719909,ERZ1739381,PRJEB41812,ERS634929,ERZ1739381.1-ERZ1739381.467,,
UC_ERR1823600,ERZ1739382,PRJEB41812,ERS1546044,ERZ1739382.1-ERZ1739382.675,,
UC_ERR1022503,ERZ1739383,PRJEB41812,ERS853150,ERZ1739383.1-ERZ1739383.1533,,
UC_ERR1611404,ERZ1739384,PRJEB41812,ERS1336032,ERZ1739384.1-ERZ1739384.94,,
UC_ERR719829,ERZ1739385,PRJEB41812,ERS634951,ERZ1739385.1-ERZ1739385.260,,
UC_ERR719859,ERZ1739386,PRJEB41812,ERS634928,ERZ1739386.1-ERZ1739386.674,,
UC_ERR634972,ERZ1739387,PRJEB41812,ERS482852,ERZ1739387.1-ERZ1739387.869,,
UC_ERR1611383,ERZ1739388,PRJEB41812,ERS1336011,ERZ1739388.1-ERZ1739388.103,,
UC_ERR634992,ERZ1739389,PRJEB41812,ERS482872,ERZ1739389.1-ERZ1739389.433,,
UC_ERR1744181,ERZ1739390,PRJEB41812,ERS1462080,ERZ1739390.1-ERZ1739390.581,,
UC_ERR719393,ERZ1739391,PRJEB41812,ERS634967,ERZ1739391.1-ERZ1739391.674,,
UC_ERR719852,ERZ1739392,PRJEB41812,ERS634928,ERZ1739392.1-ERZ1739392.735,,
UC_ERR1474573,ERZ1739393,PRJEB41812,ERS1202871,ERZ1739393.1-ERZ1739393.465,,
UC_ERR505088,ERZ1739394,PRJEB41812,ERS433547,ERZ1739394.1-ERZ1739394.4644,,
UC_ERR1913278,ERZ1739395,PRJEB41812,ERS1647320,ERZ1739395.1-ERZ1739395.35,,
UC_ERR537012,ERZ1739396,PRJEB41812,ERS480594,ERZ1739396.1-ERZ1739396.2695,,
UC_ERR1913252,ERZ1739397,PRJEB41812,ERS1647303,ERZ1739397.1-ERZ1739397.204,,
UC_ERR719902,ERZ1739398,PRJEB41812,ERS634929,ERZ1739398.1-ERZ1739398.504,,
UC_ERR1474582,ERZ1739399,PRJEB41812,ERS1202880,ERZ1739399.1-ERZ1739399.3648,,
UC_ERR719921,ERZ1739401,PRJEB41812,ERS634953,ERZ1739401.1-ERZ1739401.533,,
UC_ERR1611406,ERZ1739402,PRJEB41812,ERS1336034,ERZ1739402.1-ERZ1739402.491,,
UC_ERR1474584,ERZ1739403,PRJEB41812,ERS1202882,ERZ1739403.1-ERZ1739403.4406,,
UC_ERR1823606,ERZ1739404,PRJEB41812,ERS1546050,ERZ1739404.1-ERZ1739404.129,,
UC_ERR719923,ERZ1739406,PRJEB41812,ERS634953,ERZ1739406.1-ERZ1739406.559,,
UC_ERR695634,ERZ1739407,PRJEB41812,ERS625342,ERZ1739407.1-ERZ1739407.1781,,
UC_ERR1297800,ERZ1739408,PRJEB41812,ERS1069688,ERZ1739408.1-ERZ1739408.852,,
UC_ERR1297827,ERZ1739410,PRJEB41812,ERS1069645,ERZ1739410.1-ERZ1739410.1104,,
UC_ERR537006,ERZ1739411,PRJEB41812,ERS480591,ERZ1739411.1-ERZ1739411.1360,,
UC_ERR695599,ERZ1739413,PRJEB41812,ERS625307,ERZ1739413.1-ERZ1739413.2566,,
UC_ERR1913237,ERZ1739414,PRJEB41812,ERS1647311,ERZ1739414.1-ERZ1739414.254,,
UC_ERR1474569,ERZ1739415,PRJEB41812,ERS1202867,ERZ1739415.1-ERZ1739415.3141,,
UC_ERR2036073,ERZ1739417,PRJEB41812,ERS1825756,ERZ1739417.1-ERZ1739417.202,,
UC_ERR1913255,ERZ1739418,PRJEB41812,ERS1647325,ERZ1739418.1-ERZ1739418.315,,
UC_ERR719906,ERZ1739419,PRJEB41812,ERS634929,ERZ1739419.1-ERZ1739419.498,,
UC_ERR1297776,ERZ1739420,PRJEB41812,ERS1069679,ERZ1739420.1-ERZ1739420.549,,
UC_ERR1022502,ERZ1739422,PRJEB41812,ERS853149,ERZ1739422.1-ERZ1739422.1330,,
UC_ERR1913294,ERZ1739423,PRJEB41812,ERS1647308,ERZ1739423.1-ERZ1739423.20,,
UC_ERR719888,ERZ1739424,PRJEB41812,ERS634976,ERZ1739424.1-ERZ1739424.282,,
UC_ERR719379,ERZ1739425,PRJEB41812,ERS634967,ERZ1739425.1-ERZ1739425.696,,
UC_ERR1913280,ERZ1739426,PRJEB41812,ERS1647280,ERZ1739426.1-ERZ1739426.16,,
UC_ERR1809129,ERZ1739427,PRJEB41812,ERS1509317,ERZ1739427.1-ERZ1739427.186,,
UC_ERR634985,ERZ1739428,PRJEB41812,ERS482865,ERZ1739428.1-ERZ1739428.52,,
UC_ERR2014370,ERZ1739429,PRJEB41812,ERS1796495,ERZ1739429.1-ERZ1739429.140,,
UC_SRR1044033,ERZ1739430,PRJEB41812,SRS511711,ERZ1739430.1-ERZ1739430.820,,
UC_ERR1297814,ERZ1739431,PRJEB41812,ERS1069646,ERZ1739431.1-ERZ1739431.688,,
UC_ERR1823609,ERZ1739432,PRJEB41812,ERS1546053,ERZ1739432.1-ERZ1739432.304,,
UC_ERR719931,ERZ1739433,PRJEB41812,ERS634977,ERZ1739433.1-ERZ1739433.884,,
UC_ERR1022504,ERZ1739434,PRJEB41812,ERS853151,ERZ1739434.1-ERZ1739434.626,,
UC_ERR1913312,ERZ1739435,PRJEB41812,ERS1647332,ERZ1739435.1-ERZ1739435.59,,
UC_ERR1809120,ERZ1739436,PRJEB41812,ERS1509315,ERZ1739436.1-ERZ1739436.359,,
UC_ERR1600439,ERZ1739437,PRJEB41812,ERS1324499,ERZ1739437.1-ERZ1739437.18,,
UC_ERR1913230,ERZ1739438,PRJEB41812,ERS1647291,ERZ1739438.1-ERZ1739438.317,,
UC_ERR2270941,ERZ1739439,PRJEB41812,ERS2160331,ERZ1739439.1-ERZ1739439.657,,
UC_ERR695615,ERZ1739440,PRJEB41812,ERS625323,ERZ1739440.1-ERZ1739440.1857,,
UC_ERR719828,ERZ1739441,PRJEB41812,ERS634951,ERZ1739441.1-ERZ1739441.358,,
UC_ERR634990,ERZ1739442,PRJEB41812,ERS482870,ERZ1739442.1-ERZ1739442.632,,
UC_ERR1474606,ERZ1739443,PRJEB41812,SRS013942,ERZ1739443.1-ERZ1739443.1241,,
UC_ERR695622,ERZ1739444,PRJEB41812,ERS625330,ERZ1739444.1-ERZ1739444.178,,
UC_ERR1913284,ERZ1739445,PRJEB41812,ERS1647283,ERZ1739445.1-ERZ1739445.64,,
UC_ERR1823594,ERZ1739446,PRJEB41812,ERS1546038,ERZ1739446.1-ERZ1739446.3609,,
UC_ERR1659118,ERZ1739447,PRJEB41812,ERS1240067,ERZ1739447.1-ERZ1739447.3238,,
UC_ERR1681537,ERZ1739448,PRJEB41812,ERS1374929,ERZ1739448.1-ERZ1739448.1559,,
UC_ERR634987,ERZ1739449,PRJEB41812,ERS482867,ERZ1739449.1-ERZ1739449.333,,
UC_ERR1297821,ERZ1739450,PRJEB41812,ERS1069654,ERZ1739450.1-ERZ1739450.1208,,
UC_ERR634980,ERZ1739451,PRJEB41812,ERS482860,ERZ1739451.1-ERZ1739451.529,,
UC_ERR981248,ERZ1739452,PRJEB41812,ERS805756,ERZ1739452.1-ERZ1739452.2,,
UC_ERR1913303,ERZ1739453,PRJEB41812,ERS1647314,ERZ1739453.1-ERZ1739453.38,,
UC_ERR1611408,ERZ1739454,PRJEB41812,ERS1336036,ERZ1739454.1-ERZ1739454.143,,
UC_ERR1913295,ERZ1739455,PRJEB41812,ERS1647308,ERZ1739455.1-ERZ1739455.27,,
UC_ERR598789,ERZ1739456,PRJEB41812,ERS542293,ERZ1739456.1-ERZ1739456.18,,
UC_ERR1447826,ERZ1739457,PRJEB41812,ERS1199537,ERZ1739457.1-ERZ1739457.430,,
UC_ERR1611412,ERZ1739458,PRJEB41812,ERS1336040,ERZ1739458.1-ERZ1739458.221,,
UC_ERR1809135,ERZ1739459,PRJEB41812,ERS1509318,ERZ1739459.1-ERZ1739459.196,,
UC_ERR719837,ERZ1739460,PRJEB41812,ERS634975,ERZ1739460.1-ERZ1739460.279,,
UC_SRR1045095,ERZ1739461,PRJEB41812,SRS512697,ERZ1739461.1-ERZ1739461.362,,
UC_ERR634981,ERZ1739462,PRJEB41812,ERS482861,ERZ1739462.1-ERZ1739462.105,,
UC_ERR1474572,ERZ1739463,PRJEB41812,ERS1202870,ERZ1739463.1-ERZ1739463.466,,
UC_ERR1744186,ERZ1739464,PRJEB41812,ERS1462085,ERZ1739464.1-ERZ1739464.1822,,
UC_ERR1913239,ERZ1739465,PRJEB41812,ERS1647286,ERZ1739465.1-ERZ1739465.292,,
UC_ERR1809134,ERZ1739466,PRJEB41812,ERS1509318,ERZ1739466.1-ERZ1739466.179,,
UC_ERR1022512,ERZ1739467,PRJEB41812,ERS853159,ERZ1739467.1-ERZ1739467.706,,
UC_ERR1913299,ERZ1739468,PRJEB41812,ERS1647290,ERZ1739468.1-ERZ1739468.2,,
UC_ERR1297838,ERZ1739469,PRJEB41812,ERS1069650,ERZ1739469.1-ERZ1739469.871,,
UC_ERR719410,ERZ1739470,PRJEB41812,ERS634920,ERZ1739470.1-ERZ1739470.582,,
UC_ERR1022495,ERZ1739471,PRJEB41812,ERS853143,ERZ1739471.1-ERZ1739471.7,,
UC_ERR695637,ERZ1739472,PRJEB41812,ERS625345,ERZ1739472.1-ERZ1739472.711,,
UC_ERR634988,ERZ1739473,PRJEB41812,ERS482868,ERZ1739473.1-ERZ1739473.665,,
UC_ERR1297773,ERZ1739474,PRJEB41812,ERS1069637,ERZ1739474.1-ERZ1739474.1355,,
UC_ERR1913270,ERZ1739475,PRJEB41812,ERS1647310,ERZ1739475.1-ERZ1739475.12,,
UC_ERR1611405,ERZ1739476,PRJEB41812,ERS1336033,ERZ1739476.1-ERZ1739476.828,,
UC_ERR1297808,ERZ1739477,PRJEB41812,ERS1069669,ERZ1739477.1-ERZ1739477.495,,
UC_SRR2037087,ERZ1739478,PRJEB41812,SRS943646,ERZ1739478.1-ERZ1739478.1817,,
UC_ERR1474586,ERZ1739479,PRJEB41812,ERS1202884,ERZ1739479.1-ERZ1739479.4699,,
UC_ERR1913310,ERZ1739480,PRJEB41812,ERS1647307,ERZ1739480.1-ERZ1739480.515,,
UC_ERR634991,ERZ1739481,PRJEB41812,ERS482871,ERZ1739481.1-ERZ1739481.1055,,
UC_ERR695629,ERZ1739482,PRJEB41812,ERS625337,ERZ1739482.1-ERZ1739482.1700,,
UC_SRR2037088,ERZ1739483,PRJEB41812,SRS943647,ERZ1739483.1-ERZ1739483.3039,,
UC_ERR2036071,ERZ1739484,PRJEB41812,ERS1825754,ERZ1739484.1-ERZ1739484.60,,
UC_ERR695611,ERZ1739485,PRJEB41812,ERS625319,ERZ1739485.1-ERZ1739485.2599,,
UC_ERR1297829,ERZ1739486,PRJEB41812,ERS1069649,ERZ1739486.1-ERZ1739486.1281,,
UC_ERR1474566,ERZ1739487,PRJEB41812,ERS1202864,ERZ1739487.1-ERZ1739487.3739,,
UC_ERR1022493,ERZ1739488,PRJEB41812,ERS853141,ERZ1739488.1-ERZ1739488.10,,
UC_ERR719831,ERZ1739489,PRJEB41812,ERS634975,ERZ1739489.1-ERZ1739489.320,,
UC_ERR1913250,ERZ1739490,PRJEB41812,ERS1647297,ERZ1739490.1-ERZ1739490.217,,
UC_SRR1634036,ERZ1739491,PRJEB41812,SRS732232,ERZ1739491.1-ERZ1739491.90,,
UC_ERR719411,ERZ1739492,PRJEB41812,ERS634920,ERZ1739492.1-ERZ1739492.483,,
UC_ERR2014366,ERZ1739493,PRJEB41812,ERS1796491,ERZ1739493.1-ERZ1739493.3,,
UC_ERR2014393,ERZ1739494,PRJEB41812,ERS1796518,ERZ1739494.1-ERZ1739494.144,,
UC_ERR1022514,ERZ1739495,PRJEB41812,ERS853161,ERZ1739495.1-ERZ1739495.1080,,
UC_ERR1823593,ERZ1739496,PRJEB41812,ERS1546037,ERZ1739496.1-ERZ1739496.1334,,
UC_ERR719417,ERZ1739497,PRJEB41812,ERS634944,ERZ1739497.1-ERZ1739497.686,,
UC_ERR719894,ERZ1739498,PRJEB41812,ERS634976,ERZ1739498.1-ERZ1739498.276,,
UC_ERR505103,ERZ1739499,PRJEB41812,ERS433562,ERZ1739499.1-ERZ1739499.871,,
UC_ERR1913306,ERZ1739500,PRJEB41812,ERS1647314,ERZ1739500.1-ERZ1739500.15,,
UC_ERR1297823,ERZ1739501,PRJEB41812,ERS1069683,ERZ1739501.1-ERZ1739501.994,,
UC_ERR1913286,ERZ1739502,PRJEB41812,ERS1647283,ERZ1739502.1-ERZ1739502.56,,
UC_ERR695625,ERZ1739503,PRJEB41812,ERS625333,ERZ1739503.1-ERZ1739503.544,,
UC_ERR1913240,ERZ1739504,PRJEB41812,ERS1647286,ERZ1739504.1-ERZ1739504.308,,
UC_ERR719830,ERZ1739505,PRJEB41812,ERS634975,ERZ1739505.1-ERZ1739505.286,,
UC_ERR1913300,ERZ1739506,PRJEB41812,ERS1647306,ERZ1739506.1-ERZ1739506.168,,
UC_ERR1913272,ERZ1739507,PRJEB41812,ERS1647294,ERZ1739507.1-ERZ1739507.12,,
UC_ERR2270960,ERZ1739508,PRJEB41812,ERS2160341,ERZ1739508.1-ERZ1739508.62,,
UC_ERR1297826,ERZ1739509,PRJEB41812,ERS1069654,ERZ1739509.1-ERZ1739509.1229,,
UC_ERR1913261,ERZ1739510,PRJEB41812,ERS1647279,ERZ1739510.1-ERZ1739510.30,,
UC_ERR537007,ERZ1739511,PRJEB41812,ERS480592,ERZ1739511.1-ERZ1739511.1179,,
UC_ERR719899,ERZ1739512,PRJEB41812,ERS634976,ERZ1739512.1-ERZ1739512.285,,
UC_ERR1913311,ERZ1739513,PRJEB41812,ERS1647332,ERZ1739513.1-ERZ1739513.75,,
UC_ERR1744189,ERZ1739514,PRJEB41812,ERS1462088,ERZ1739514.1-ERZ1739514.3088,,
UC_ERR719395,ERZ1739515,PRJEB41812,ERS634967,ERZ1739515.1-ERZ1739515.676,,
UC_ERR1474576,ERZ1739516,PRJEB41812,ERS1202874,ERZ1739516.1-ERZ1739516.1321,,
UC_SRR2037083,ERZ1739517,PRJEB41812,SRS943643,ERZ1739517.1-ERZ1739517.4766,,
UC_ERR1823590,ERZ1739518,PRJEB41812,ERS1546034,ERZ1739518.1-ERZ1739518.684,,
UC_ERR695601,ERZ1739519,PRJEB41812,ERS625309,ERZ1739519.1-ERZ1739519.2341,,
UC_ERR1913282,ERZ1739520,PRJEB41812,ERS1647280,ERZ1739520.1-ERZ1739520.7,,
UC_ERR1611378,ERZ1739521,PRJEB41812,ERS1336006,ERZ1739521.1-ERZ1739521.387,,
UC_ERR1297843,ERZ1739522,PRJEB41812,ERS1069688,ERZ1739522.1-ERZ1739522.907,,
UC_ERR1913296,ERZ1739523,PRJEB41812,ERS1647290,ERZ1739523.1-ERZ1739523.9,,
UC_ERR2014378,ERZ1739524,PRJEB41812,ERS1796503,ERZ1739524.1-ERZ1739524.128,,
UC_ERR1681526,ERZ1739525,PRJEB41812,ERS1374913,ERZ1739525.1-ERZ1739525.874,,
UC_ERR695632,ERZ1739526,PRJEB41812,ERS625340,ERZ1739526.1-ERZ1739526.1584,,
UC_ERR537005,ERZ1739527,PRJEB41812,ERS480591,ERZ1739527.1-ERZ1739527.1386,,
UC_ERR719439,ERZ1739528,PRJEB41812,ERS634968,ERZ1739528.1-ERZ1739528.1085,,
UC_SRR1045100,ERZ1739529,PRJEB41812,SRS512702,ERZ1739529.1-ERZ1739529.152,,
UC_ERR1611403,ERZ1739530,PRJEB41812,ERS1336031,ERZ1739530.1-ERZ1739530.831,,
UC_ERR2014371,ERZ1739531,PRJEB41812,ERS1796496,ERZ1739531.1-ERZ1739531.195,,
UC_ERR1611398,ERZ1739532,PRJEB41812,ERS1336026,ERZ1739532.1-ERZ1739532.392,,
UC_ERR1297837,ERZ1739533,PRJEB41812,ERS1069668,ERZ1739533.1-ERZ1739533.695,,
UC_ERR695623,ERZ1739534,PRJEB41812,ERS625331,ERZ1739534.1-ERZ1739534.147,,
UC_ERR1913315,ERZ1739535,PRJEB41812,ERS1647287,ERZ1739535.1-ERZ1739535.4,,
UC_ERR1913221,ERZ1739536,PRJEB41812,ERS1647321,ERZ1739536.1-ERZ1739536.457,,
UC_ERR719406,ERZ1739537,PRJEB41812,ERS634920,ERZ1739537.1-ERZ1739537.647,,
UC_ERR1297766,ERZ1739538,PRJEB41812,ERS1069650,ERZ1739538.1-ERZ1739538.871,,
UC_ERR1809144,ERZ1739539,PRJEB41812,ERS1509320,ERZ1739539.1-ERZ1739539.203,,
UC_ERR1913266,ERZ1739540,PRJEB41812,ERS1647333,ERZ1739540.1-ERZ1739540.79,,
UC_ERR981246,ERZ1739541,PRJEB41812,ERS805754,ERZ1739541.1-ERZ1739541.28,,
UC_ERR1913243,ERZ1739542,PRJEB41812,ERS1647300,ERZ1739542.1-ERZ1739542.20,,
UC_ERR1913298,ERZ1739543,PRJEB41812,ERS1647290,ERZ1739543.1-ERZ1739543.6,,
UC_ERR695604,ERZ1739544,PRJEB41812,ERS625312,ERZ1739544.1-ERZ1739544.1119,,
UC_SRR1635864,ERZ1739545,PRJEB41812,SRS734458,ERZ1739545.1-ERZ1739545.163,,
UC_ERR1611414,ERZ1739546,PRJEB41812,ERS1336042,ERZ1739546.1-ERZ1739546.93,,
UC_ERR1474580,ERZ1739547,PRJEB41812,ERS1202878,ERZ1739547.1-ERZ1739547.9853,,
UC_ERR1297762,ERZ1739548,PRJEB41812,ERS1069675,ERZ1739548.1-ERZ1739548.184,,
UC_ERR1611417,ERZ1739549,PRJEB41812,ERS1336045,ERZ1739549.1-ERZ1739549.157,,
UC_ERR719867,ERZ1739550,PRJEB41812,ERS634928,ERZ1739550.1-ERZ1739550.268,,
UC_ERR1823605,ERZ1739551,PRJEB41812,ERS1546049,ERZ1739551.1-ERZ1739551.880,,
UC_ERR2036066,ERZ1739552,PRJEB41812,ERS1825749,ERZ1739552.1-ERZ1739552.114,,
UC_ERR1297792,ERZ1739553,PRJEB41812,ERS1069660,ERZ1739553.1-ERZ1739553.884,,
UC_ERR1913273,ERZ1739554,PRJEB41812,ERS1647294,ERZ1739554.1-ERZ1739554.12,,
UC_ERR719880,ERZ1739555,PRJEB41812,ERS634952,ERZ1739555.1-ERZ1739555.590,,
UC_ERR719413,ERZ1739556,PRJEB41812,ERS634920,ERZ1739556.1-ERZ1739556.528,,
UC_ERR1022510,ERZ1739557,PRJEB41812,ERS853157,ERZ1739557.1-ERZ1739557.85,,
UC_ERR719882,ERZ1739558,PRJEB41812,ERS634976,ERZ1739558.1-ERZ1739558.288,,
UC_ERR1913291,ERZ1739559,PRJEB41812,ERS1647301,ERZ1739559.1-ERZ1739559.3,,
UC_ERR2014372,ERZ1739560,PRJEB41812,ERS1796497,ERZ1739560.1-ERZ1739560.108,,
UC_ERR2014363,ERZ1739561,PRJEB41812,ERS1796488,ERZ1739561.1-ERZ1739561.289,,
UC_ERR1297849,ERZ1739562,PRJEB41812,ERS1069658,ERZ1739562.1-ERZ1739562.722,,
UC_ERR1659115,ERZ1739563,PRJEB41812,ERS1240066,ERZ1739563.1-ERZ1739563.873,,
UC_ERR1913254,ERZ1739564,PRJEB41812,ERS1647303,ERZ1739564.1-ERZ1739564.257,,
UC_ERR719878,ERZ1739565,PRJEB41812,ERS634952,ERZ1739565.1-ERZ1739565.775,,
UC_ERR1474583,ERZ1739566,PRJEB41812,ERS1202881,ERZ1739566.1-ERZ1739566.4343,,
UC_ERR1297799,ERZ1739567,PRJEB41812,ERS1069656,ERZ1739567.1-ERZ1739567.526,,
UC_ERR1297805,ERZ1739568,PRJEB41812,ERS1069653,ERZ1739568.1-ERZ1739568.1873,,
UC_ERR719425,ERZ1739569,PRJEB41812,ERS634944,ERZ1739569.1-ERZ1739569.717,,
UC_ERR1297833,ERZ1739570,PRJEB41812,ERS1069684,ERZ1739570.1-ERZ1739570.186,,
UC_ERR1659113,ERZ1739571,PRJEB41812,ERS1240062,ERZ1739571.1-ERZ1739571.1699,,
UC_ERR1474568,ERZ1739572,PRJEB41812,ERS1202866,ERZ1739572.1-ERZ1739572.5973,,
UC_ERR505098,ERZ1739573,PRJEB41812,ERS433557,ERZ1739573.1-ERZ1739573.3360,,
UC_ERR1744180,ERZ1739574,PRJEB41812,ERS1462079,ERZ1739574.1-ERZ1739574.1091,,
UC_ERR634971,ERZ1739575,PRJEB41812,ERS482851,ERZ1739575.1-ERZ1739575.4560,,
UC_ERR634984,ERZ1739576,PRJEB41812,ERS482864,ERZ1739576.1-ERZ1739576.75,,
UC_ERR505090,ERZ1739577,PRJEB41812,ERS433549,ERZ1739577.1-ERZ1739577.2856,,
UC_ERR719407,ERZ1739578,PRJEB41812,ERS634920,ERZ1739578.1-ERZ1739578.622,,
UC_ERR505095,ERZ1739579,PRJEB41812,ERS433554,ERZ1739579.1-ERZ1739579.1984,,
UC_ERR598792,ERZ1739580,PRJEB41812,ERS542296,ERZ1739580.1-ERZ1739580.131,,
UC_ERR719925,ERZ1739581,PRJEB41812,ERS634953,ERZ1739581.1-ERZ1739581.571,,
UC_ERR1809143,ERZ1739582,PRJEB41812,ERS1509320,ERZ1739582.1-ERZ1739582.206,,
UC_ERR2014389,ERZ1739583,PRJEB41812,ERS1796514,ERZ1739583.1-ERZ1739583.7,,
UC_ERR1600440,ERZ1739584,PRJEB41812,ERS1324500,ERZ1739584.1-ERZ1739584.4,,
UC_ERR1474567,ERZ1739585,PRJEB41812,ERS1202865,ERZ1739585.1-ERZ1739585.2706,,
UC_ERR1297822,ERZ1739586,PRJEB41812,ERS1069687,ERZ1739586.1-ERZ1739586.1398,,
UC_ERR1611380,ERZ1739587,PRJEB41812,ERS1336008,ERZ1739587.1-ERZ1739587.76,,
UC_ERR1474587,ERZ1739588,PRJEB41812,ERS1202885,ERZ1739588.1-ERZ1739588.7659,,
UC_ERR719436,ERZ1739589,PRJEB41812,ERS634944,ERZ1739589.1-ERZ1739589.672,,
UC_ERR634993,ERZ1739590,PRJEB41812,ERS482873,ERZ1739590.1-ERZ1739590.232,,
UC_ERR1474607,ERZ1739591,PRJEB41812,SRS014468,ERZ1739591.1-ERZ1739591.1730,,
UC_ERR1681532,ERZ1739592,PRJEB41812,ERS1374922,ERZ1739592.1-ERZ1739592.1761,,
UC_ERR2014385,ERZ1739593,PRJEB41812,ERS1796510,ERZ1739593.1-ERZ1739593.2,,
UC_ERR719927,ERZ1739594,PRJEB41812,ERS634953,ERZ1739594.1-ERZ1739594.449,,
UC_ERR1297845,ERZ1739595,PRJEB41812,ERS1069676,ERZ1739595.1-ERZ1739595.1173,,
UC_ERR1297760,ERZ1739596,PRJEB41812,ERS1069639,ERZ1739596.1-ERZ1739596.542,,
UC_ERR1474574,ERZ1739597,PRJEB41812,ERS1202872,ERZ1739597.1-ERZ1739597.472,,
UC_ERR1823614,ERZ1739598,PRJEB41812,ERS1546058,ERZ1739598.1-ERZ1739598.258,,
UC_ERR1823603,ERZ1739599,PRJEB41812,ERS1546047,ERZ1739599.1-ERZ1739599.168,,
UC_ERR1809121,ERZ1739600,PRJEB41812,ERS1509315,ERZ1739600.1-ERZ1739600.364,,
UC_ERR1913313,ERZ1739601,PRJEB41812,ERS1647332,ERZ1739601.1-ERZ1739601.238,,
UC_ERR1297851,ERZ1739602,PRJEB41812,ERS1069657,ERZ1739602.1-ERZ1739602.611,,
UC_ERR1913265,ERZ1739603,PRJEB41812,ERS1647333,ERZ1739603.1-ERZ1739603.105,,
UC_ERR537009,ERZ1739604,PRJEB41812,ERS480593,ERZ1739604.1-ERZ1739604.2919,,
UC_ERR1474581,ERZ1739605,PRJEB41812,ERS1202879,ERZ1739605.1-ERZ1739605.712,,
UC_ERR1681533,ERZ1739606,PRJEB41812,ERS1374923,ERZ1739606.1-ERZ1739606.488,,
UC_ERR719449,ERZ1739607,PRJEB41812,ERS634968,ERZ1739607.1-ERZ1739607.1074,,
UC_ERR719381,ERZ1739608,PRJEB41812,ERS634967,ERZ1739608.1-ERZ1739608.708,,
UC_SRR1635854,ERZ1739609,PRJEB41812,SRS734449,ERZ1739609.1-ERZ1739609.83,,
UC_SRR2037091,ERZ1739610,PRJEB41812,SRS943650,ERZ1739610.1-ERZ1739610.2318,,
UC_ERR719383,ERZ1739611,PRJEB41812,ERS634967,ERZ1739611.1-ERZ1739611.757,,
UC_ERR1823612,ERZ1739612,PRJEB41812,ERS1546056,ERZ1739612.1-ERZ1739612.499,,
UC_ERR1297761,ERZ1739613,PRJEB41812,ERS1069641,ERZ1739613.1-ERZ1739613.416,,
UC_ERR719896,ERZ1739614,PRJEB41812,ERS634976,ERZ1739614.1-ERZ1739614.250,,
UC_ERR2014355,ERZ1739615,PRJEB41812,ERS1796480,ERZ1739615.1-ERZ1739615.2,,
UC_ERR1989828,ERZ1739616,PRJEB41812,ERS1755327,ERZ1739616.1-ERZ1739616.469,,
UC_ERR2014386,ERZ1739617,PRJEB41812,ERS1796511,ERZ1739617.1-ERZ1739617.5,,
UC_ERR1809155,ERZ1739618,PRJEB41812,ERS1509328,ERZ1739618.1-ERZ1739618.214,,
UC_ERR1809126,ERZ1739619,PRJEB41812,ERS1509316,ERZ1739619.1-ERZ1739619.288,,
UC_ERR719363,ERZ1739620,PRJEB41812,ERS634943,ERZ1739620.1-ERZ1739620.262,,
UC_ERR1600433,ERZ1739621,PRJEB41812,ERS1324493,ERZ1739621.1-ERZ1739621.56,,
UC_ERR719057,ERZ1739622,PRJEB41812,ERS634958,ERZ1739622.1-ERZ1739622.32,,
UC_ERR719863,ERZ1739623,PRJEB41812,ERS634928,ERZ1739623.1-ERZ1739623.759,,
UC_ERR1297846,ERZ1739624,PRJEB41812,ERS1069691,ERZ1739624.1-ERZ1739624.1573,,
UC_ERR1297777,ERZ1739625,PRJEB41812,ERS1069687,ERZ1739625.1-ERZ1739625.1400,,
UC_ERR2014354,ERZ1739626,PRJEB41812,ERS1796479,ERZ1739626.1-ERZ1739626.137,,
UC_ERR1611407,ERZ1739627,PRJEB41812,ERS1336035,ERZ1739627.1-ERZ1739627.236,,
UC_ERR719444,ERZ1739628,PRJEB41812,ERS634968,ERZ1739628.1-ERZ1739628.993,,
UC_ERR505093,ERZ1739629,PRJEB41812,ERS433552,ERZ1739629.1-ERZ1739629.2212,,
UC_ERR1913228,ERZ1739630,PRJEB41812,ERS1647326,ERZ1739630.1-ERZ1739630.147,,
UC_ERR1297789,ERZ1739631,PRJEB41812,ERS1069643,ERZ1739631.1-ERZ1739631.552,,
UC_SRR035170,ERZ1739632,PRJEB41812,SRS010143,ERZ1739632.1-ERZ1739632.7,,
UC_ERR719394,ERZ1739633,PRJEB41812,ERS634967,ERZ1739633.1-ERZ1739633.658,,
UC_ERR719447,ERZ1739634,PRJEB41812,ERS634968,ERZ1739634.1-ERZ1739634.1055,,
UC_ERR1297786,ERZ1739635,PRJEB41812,ERS1069640,ERZ1739635.1-ERZ1739635.1109,,
UC_ERR1102739,ERZ1739636,PRJEB41812,ERS947268,ERZ1739636.1-ERZ1739636.13,,
UC_ERR1913241,ERZ1739637,PRJEB41812,ERS1647286,ERZ1739637.1-ERZ1739637.357,,
UC_ERR695602,ERZ1739638,PRJEB41812,ERS625310,ERZ1739638.1-ERZ1739638.1952,,
UC_ERR719866,ERZ1739639,PRJEB41812,ERS634928,ERZ1739639.1-ERZ1739639.577,,
UC_ERR695605,ERZ1739640,PRJEB41812,ERS625313,ERZ1739640.1-ERZ1739640.1081,,
UC_ERR505100,ERZ1739641,PRJEB41812,ERS433559,ERZ1739641.1-ERZ1739641.2646,,
UC_ERR1297802,ERZ1739642,PRJEB41812,ERS1069645,ERZ1739642.1-ERZ1739642.971,,
UC_ERR695631,ERZ1739643,PRJEB41812,ERS625339,ERZ1739643.1-ERZ1739643.1676,,
UC_ERR1022511,ERZ1739644,PRJEB41812,ERS853158,ERZ1739644.1-ERZ1739644.198,,
UC_ERR634994,ERZ1739645,PRJEB41812,ERS482874,ERZ1739645.1-ERZ1739645.944,,
UC_ERR719871,ERZ1739646,PRJEB41812,ERS634952,ERZ1739646.1-ERZ1739646.786,,
UC_ERR1297791,ERZ1739647,PRJEB41812,ERS1069638,ERZ1739647.1-ERZ1739647.325,,
UC_ERR1297817,ERZ1739648,PRJEB41812,ERS1069670,ERZ1739648.1-ERZ1739648.745,,
UC_ERR1823597,ERZ1739649,PRJEB41812,ERS1546041,ERZ1739649.1-ERZ1739649.1454,,
UC_ERR719404,ERZ1739650,PRJEB41812,ERS634920,ERZ1739650.1-ERZ1739650.531,,
UC_SRR1044032,ERZ1739651,PRJEB41812,SRS511709,ERZ1739651.1-ERZ1739651.1339,,
UC_ERR634986,ERZ1739652,PRJEB41812,ERS482866,ERZ1739652.1-ERZ1739652.804,,
UC_ERR1659120,ERZ1739653,PRJEB41812,ERS1240063,ERZ1739653.1-ERZ1739653.1718,,
UC_ERR1809119,ERZ1739654,PRJEB41812,ERS1509315,ERZ1739654.1-ERZ1739654.362,,
UC_ERR981252,ERZ1739655,PRJEB41812,ERS805761,ERZ1739655.1-ERZ1739655.9,,
UC_ERR634983,ERZ1739656,PRJEB41812,ERS482863,ERZ1739656.1-ERZ1739656.971,,
UC_ERR1913248,ERZ1739657,PRJEB41812,ERS1647315,ERZ1739657.1-ERZ1739657.136,,
UC_ERR1297815,ERZ1739658,PRJEB41812,ERS1069669,ERZ1739658.1-ERZ1739658.482,,
UC_ERR1611397,ERZ1739659,PRJEB41812,ERS1336025,ERZ1739659.1-ERZ1739659.1190,,
UC_ERR719869,ERZ1739660,PRJEB41812,ERS634952,ERZ1739660.1-ERZ1739660.746,,
UC_ERR1744183,ERZ1739661,PRJEB41812,ERS1462082,ERZ1739661.1-ERZ1739661.258,,
UC_ERR1022507,ERZ1739662,PRJEB41812,ERS853154,ERZ1739662.1-ERZ1739662.431,,
UC_ERR719898,ERZ1739663,PRJEB41812,ERS634976,ERZ1739663.1-ERZ1739663.281,,
UC_ERR719368,ERZ1739664,PRJEB41812,ERS634943,ERZ1739664.1-ERZ1739664.245,,
UC_ERR719388,ERZ1739665,PRJEB41812,ERS634967,ERZ1739665.1-ERZ1739665.751,,
UC_ERR719924,ERZ1739666,PRJEB41812,ERS634953,ERZ1739666.1-ERZ1739666.515,,
UC_ERR1913242,ERZ1739667,PRJEB41812,ERS1647300,ERZ1739667.1-ERZ1739667.37,,
UC_SRR2037084,ERZ1739668,PRJEB41812,SRS943644,ERZ1739668.1-ERZ1739668.2696,,
UC_ERR719433,ERZ1739669,PRJEB41812,ERS634944,ERZ1739669.1-ERZ1739669.550,,
UC_ERR981245,ERZ1739670,PRJEB41812,ERS805753,ERZ1739670.1-ERZ1739670.2,,
UC_ERR1681524,ERZ1739671,PRJEB41812,ERS1374917,ERZ1739671.1-ERZ1739671.3469,,
UC_ERR1611382,ERZ1739672,PRJEB41812,ERS1336010,ERZ1739672.1-ERZ1739672.241,,
UC_ERR2014362,ERZ1739673,PRJEB41812,ERS1796487,ERZ1739673.1-ERZ1739673.23,,
UC_ERR1474608,ERZ1739674,PRJEB41812,SRS014692,ERZ1739674.1-ERZ1739674.4675,,
UC_ERR1297839,ERZ1739675,PRJEB41812,ERS1069651,ERZ1739675.1-ERZ1739675.584,,
UC_ERR719889,ERZ1739676,PRJEB41812,ERS634976,ERZ1739676.1-ERZ1739676.266,,
UC_ERR1823608,ERZ1739677,PRJEB41812,ERS1546052,ERZ1739677.1-ERZ1739677.358,,
UC_ERR1989829,ERZ1739678,PRJEB41812,ERS1755328,ERZ1739678.1-ERZ1739678.7,,
UC_ERR1297807,ERZ1739679,PRJEB41812,ERS1069667,ERZ1739679.1-ERZ1739679.1072,,
UC_ERR505091,ERZ1739680,PRJEB41812,ERS433550,ERZ1739680.1-ERZ1739680.1463,,
UC_ERR1823591,ERZ1739681,PRJEB41812,ERS1546035,ERZ1739681.1-ERZ1739681.2701,,
UC_ERR1611390,ERZ1739682,PRJEB41812,ERS1336018,ERZ1739682.1-ERZ1739682.365,,
UC_ERR1297811,ERZ1739683,PRJEB41812,ERS1069657,ERZ1739683.1-ERZ1739683.628,,
UC_ERR2036069,ERZ1739684,PRJEB41812,ERS1825752,ERZ1739684.1-ERZ1739684.156,,
UC_ERR1297785,ERZ1739685,PRJEB41812,ERS1069685,ERZ1739685.1-ERZ1739685.833,,
UC_ERR719877,ERZ1739686,PRJEB41812,ERS634952,ERZ1739686.1-ERZ1739686.706,,
UC_ERR1809137,ERZ1739687,PRJEB41812,ERS1509318,ERZ1739687.1-ERZ1739687.172,,
UC_ERR719932,ERZ1739688,PRJEB41812,ERS634977,ERZ1739688.1-ERZ1739688.858,,
UC_SRR2037089,ERZ1739689,PRJEB41812,SRS943648,ERZ1739689.1-ERZ1739689.3720,,
UC_ERR1913262,ERZ1739690,PRJEB41812,ERS1647279,ERZ1739690.1-ERZ1739690.34,,
UC_ERR1659114,ERZ1739691,PRJEB41812,ERS1240064,ERZ1739691.1-ERZ1739691.1000,,
UC_ERR1913304,ERZ1739692,PRJEB41812,ERS1647314,ERZ1739692.1-ERZ1739692.35,,
UC_ERR719865,ERZ1739693,PRJEB41812,ERS634928,ERZ1739693.1-ERZ1739693.692,,
UC_ERR1297759,ERZ1739694,PRJEB41812,ERS1069651,ERZ1739694.1-ERZ1739694.532,,
UC_ERR1913263,ERZ1739695,PRJEB41812,ERS1647279,ERZ1739695.1-ERZ1739695.17,,
UC_ERR1297836,ERZ1739696,PRJEB41812,ERS1069637,ERZ1739696.1-ERZ1739696.1544,,
UC_ERR2014390,ERZ1739697,PRJEB41812,ERS1796515,ERZ1739697.1-ERZ1739697.77,,
UC_ERR1744188,ERZ1739698,PRJEB41812,ERS1462087,ERZ1739698.1-ERZ1739698.2990,,
UC_ERR1600426,ERZ1739699,PRJEB41812,ERS1324486,ERZ1739699.1-ERZ1739699.4,,
UC_ERR695619,ERZ1739700,PRJEB41812,ERS625327,ERZ1739700.1-ERZ1739700.136,,
UC_ERR1022513,ERZ1739701,PRJEB41812,ERS853160,ERZ1739701.1-ERZ1739701.114,,
UC_ERR1474564,ERZ1739702,PRJEB41812,ERS1202862,ERZ1739702.1-ERZ1739702.2253,,
UC_ERR1823610,ERZ1739703,PRJEB41812,ERS1546054,ERZ1739703.1-ERZ1739703.232,,
UC_ERR598794,ERZ1739704,PRJEB41812,ERS542298,ERZ1739704.1-ERZ1739704.510,,
UC_ERR1809153,ERZ1739705,PRJEB41812,ERS1509326,ERZ1739705.1-ERZ1739705.174,,
UC_ERR2014361,ERZ1739706,PRJEB41812,ERS1796486,ERZ1739706.1-ERZ1739706.305,,
UC_ERR1681534,ERZ1739707,PRJEB41812,ERS1374926,ERZ1739707.1-ERZ1739707.1485,,
UC_ERR695614,ERZ1739708,PRJEB41812,ERS625322,ERZ1739708.1-ERZ1739708.1963,,
UC_ERR2036076,ERZ1739709,PRJEB41812,ERS1825759,ERZ1739709.1-ERZ1739709.103,,
UC_ERR1823604,ERZ1739710,PRJEB41812,ERS1546048,ERZ1739710.1-ERZ1739710.741,,
UC_ERR1297801,ERZ1739711,PRJEB41812,ERS1069689,ERZ1739711.1-ERZ1739711.1331,,
UC_ERR505099,ERZ1739712,PRJEB41812,ERS433558,ERZ1739712.1-ERZ1739712.1445,,
UC_ERR472949,ERZ1739713,PRJEB41812,ERS430636,ERZ1739713.1-ERZ1739713.9851,,
UC_ERR1913281,ERZ1739714,PRJEB41812,ERS1647280,ERZ1739714.1-ERZ1739714.15,,
UC_ERR2014356,ERZ1739715,PRJEB41812,ERS1796481,ERZ1739715.1-ERZ1739715.5,,
UC_ERR1022498,ERZ1739716,PRJEB41812,ERS853145,ERZ1739716.1-ERZ1739716.267,,
UC_ERR1681542,ERZ1739717,PRJEB41812,ERS1374924,ERZ1739717.1-ERZ1739717.755,,
UC_ERR1913220,ERZ1739718,PRJEB41812,ERS1647312,ERZ1739718.1-ERZ1739718.56,,
UC_ERR2014369,ERZ1739719,PRJEB41812,ERS1796494,ERZ1739719.1-ERZ1739719.30,,
UC_ERR1474575,ERZ1739720,PRJEB41812,ERS1202873,ERZ1739720.1-ERZ1739720.5044,,
UC_ERR1611384,ERZ1739721,PRJEB41812,ERS1336012,ERZ1739721.1-ERZ1739721.576,,
UC_ERR1913224,ERZ1739722,PRJEB41812,ERS1647288,ERZ1739722.1-ERZ1739722.14,,
UC_SRR1044035,ERZ1739723,PRJEB41812,SRS511713,ERZ1739723.1-ERZ1739723.2263,,
UC_ERR1022505,ERZ1739724,PRJEB41812,ERS853152,ERZ1739724.1-ERZ1739724.194,,
UC_ERR1297767,ERZ1739725,PRJEB41812,ERS1069680,ERZ1739725.1-ERZ1739725.1404,,
UC_ERR505094,ERZ1739726,PRJEB41812,ERS433553,ERZ1739726.1-ERZ1739726.2701,,
UC_ERR1297841,ERZ1739727,PRJEB41812,ERS1069659,ERZ1739727.1-ERZ1739727.654,,
UC_SRR035159,ERZ1739728,PRJEB41812,SRS009825,ERZ1739728.1-ERZ1739728.8,,
UC_ERR1297780,ERZ1739729,PRJEB41812,ERS1069639,ERZ1739729.1-ERZ1739729.511,,
UC_ERR719427,ERZ1739730,PRJEB41812,ERS634944,ERZ1739730.1-ERZ1739730.688,,
UC_ERR1913276,ERZ1739731,PRJEB41812,ERS1647320,ERZ1739731.1-ERZ1739731.44,,
UC_ERR1297798,ERZ1739732,PRJEB41812,ERS1069673,ERZ1739732.1-ERZ1739732.471,,
UC_ERR1297764,ERZ1739733,PRJEB41812,ERS1069641,ERZ1739733.1-ERZ1739733.513,,
UC_ERR719387,ERZ1739734,PRJEB41812,ERS634967,ERZ1739734.1-ERZ1739734.756,,
UC_ERR1809125,ERZ1739735,PRJEB41812,ERS1509316,ERZ1739735.1-ERZ1739735.311,,
UC_ERR1681538,ERZ1739736,PRJEB41812,ERS1374925,ERZ1739736.1-ERZ1739736.1697,,
UC_ERR634974,ERZ1739737,PRJEB41812,ERS482854,ERZ1739737.1-ERZ1739737.874,,
UC_ERR2014375,ERZ1739738,PRJEB41812,ERS1796500,ERZ1739738.1-ERZ1739738.102,,
UC_ERR719432,ERZ1739739,PRJEB41812,ERS634944,ERZ1739739.1-ERZ1739739.544,,
UC_ERR1611420,ERZ1739740,PRJEB41812,ERS1336048,ERZ1739740.1-ERZ1739740.352,,
UC_ERR1611423,ERZ1739741,PRJEB41812,ERS1336051,ERZ1739741.1-ERZ1739741.865,,
UC_ERR1611416,ERZ1739742,PRJEB41812,ERS1336044,ERZ1739742.1-ERZ1739742.71,,
UC_SRR1045099,ERZ1739743,PRJEB41812,SRS512701,ERZ1739743.1-ERZ1739743.425,,
UC_ERR1611389,ERZ1739744,PRJEB41812,ERS1336017,ERZ1739744.1-ERZ1739744.30,,
UC_ERR726368,ERZ1739745,PRJEB41812,ERS638279,ERZ1739745.1-ERZ1739745.2546,,
UC_ERR1659110,ERZ1739746,PRJEB41812,ERS1240059,ERZ1739746.1-ERZ1739746.966,,
UC_ERR1744185,ERZ1739747,PRJEB41812,ERS1462084,ERZ1739747.1-ERZ1739747.288,,
UC_ERR1913223,ERZ1739748,PRJEB41812,ERS1647321,ERZ1739748.1-ERZ1739748.594,,
UC_ERR1659117,ERZ1739749,PRJEB41812,ERS1240065,ERZ1739749.1-ERZ1739749.896,,
UC_ERR2270961,ERZ1739750,PRJEB41812,ERS2160342,ERZ1739750.1-ERZ1739750.173,,
UC_ERR719861,ERZ1739751,PRJEB41812,ERS634928,ERZ1739751.1-ERZ1739751.714,,
UC_ERR1611379,ERZ1739752,PRJEB41812,ERS1336007,ERZ1739752.1-ERZ1739752.256,,
UC_ERR1611381,ERZ1739753,PRJEB41812,ERS1336009,ERZ1739753.1-ERZ1739753.277,,
UC_SRR1635870,ERZ1739754,PRJEB41812,SRS734461,ERZ1739754.1-ERZ1739754.99,,
UC_ERR1297844,ERZ1739755,PRJEB41812,ERS1069683,ERZ1739755.1-ERZ1739755.970,,
UC_ERR505097,ERZ1739756,PRJEB41812,ERS433556,ERZ1739756.1-ERZ1739756.2691,,
UC_ERR981254,ERZ1739757,PRJEB41812,ERS805763,ERZ1739757.1-ERZ1739757.17,,
UC_ERR505104,ERZ1739758,PRJEB41812,ERS433563,ERZ1739758.1-ERZ1739758.1147,,
UC_ERR2014359,ERZ1739759,PRJEB41812,ERS1796484,ERZ1739759.1-ERZ1739759.107,,
UC_ERR719418,ERZ1739760,PRJEB41812,ERS634944,ERZ1739760.1-ERZ1739760.803,,
UC_ERR719892,ERZ1739761,PRJEB41812,ERS634976,ERZ1739761.1-ERZ1739761.287,,
UC_ERR1611399,ERZ1739762,PRJEB41812,ERS1336027,ERZ1739762.1-ERZ1739762.265,,
UC_ERR695606,ERZ1739763,PRJEB41812,ERS625314,ERZ1739763.1-ERZ1739763.1454,,
UC_ERR1297754,ERZ1739764,PRJEB41812,ERS1069665,ERZ1739764.1-ERZ1739764.1218,,
UC_ERR981213,ERZ1739765,PRJEB41812,ERS809858,ERZ1739765.1-ERZ1739765.614,,
UC_ERR1611410,ERZ1739766,PRJEB41812,ERS1336038,ERZ1739766.1-ERZ1739766.151,,
UC_ERR1611396,ERZ1739767,PRJEB41812,ERS1336024,ERZ1739767.1-ERZ1739767.167,,
UC_SRR2034640,ERZ1739768,PRJEB41812,SRS942321,ERZ1739768.1-ERZ1739768.1048,,
UC_ERR1600436,ERZ1739769,PRJEB41812,ERS1324496,ERZ1739769.1-ERZ1739769.3,,
UC_ERR1297781,ERZ1739770,PRJEB41812,ERS1069637,ERZ1739770.1-ERZ1739770.1175,,
UC_ERR1297755,ERZ1739771,PRJEB41812,ERS1069689,ERZ1739771.1-ERZ1739771.1512,,
UC_ERR1297765,ERZ1739772,PRJEB41812,ERS1069664,ERZ1739772.1-ERZ1739772.1087,,
UC_ERR2036074,ERZ1739773,PRJEB41812,ERS1825757,ERZ1739773.1-ERZ1739773.86,,
UC_ERR1681525,ERZ1739774,PRJEB41812,ERS1374912,ERZ1739774.1-ERZ1739774.132,,
UC_ERR1600434,ERZ1739775,PRJEB41812,ERS1324494,ERZ1739775.1-ERZ1739775.19,,
UC_ERR1913314,ERZ1739776,PRJEB41812,ERS1647287,ERZ1739776.1-ERZ1739776.5,,
UC_ERR1913267,ERZ1739777,PRJEB41812,ERS1647333,ERZ1739777.1-ERZ1739777.168,,
UC_ERR1913247,ERZ1739778,PRJEB41812,ERS1647315,ERZ1739778.1-ERZ1739778.148,,
UC_SRR1045093,ERZ1739779,PRJEB41812,SRS512695,ERZ1739779.1-ERZ1739779.840,,
UC_ERR1913305,ERZ1739780,PRJEB41812,ERS1647314,ERZ1739780.1-ERZ1739780.26,,
UC_ERR1297771,ERZ1739781,PRJEB41812,ERS1069665,ERZ1739781.1-ERZ1739781.1387,,
UC_ERR1913309,ERZ1739782,PRJEB41812,ERS1647307,ERZ1739782.1-ERZ1739782.292,,
UC_ERR1809142,ERZ1739783,PRJEB41812,ERS1509320,ERZ1739783.1-ERZ1739783.207,,
UC_ERR1600427,ERZ1739784,PRJEB41812,ERS1324487,ERZ1739784.1-ERZ1739784.32,,
UC_ERR695618,ERZ1739785,PRJEB41812,ERS625326,ERZ1739785.1-ERZ1739785.140,,
UC_ERR1809141,ERZ1739786,PRJEB41812,ERS1509320,ERZ1739786.1-ERZ1739786.209,,
UC_ERR2014364,ERZ1739787,PRJEB41812,ERS1796489,ERZ1739787.1-ERZ1739787.288,,
UC_ERR1913268,ERZ1739788,PRJEB41812,ERS1647310,ERZ1739788.1-ERZ1739788.10,,
UC_ERR1297756,ERZ1739789,PRJEB41812,ERS1069662,ERZ1739789.1-ERZ1739789.1501,,
UC_ERR1809145,ERZ1739790,PRJEB41812,ERS1509321,ERZ1739790.1-ERZ1739790.378,,
UC_ERR695617,ERZ1739791,PRJEB41812,ERS625325,ERZ1739791.1-ERZ1739791.2250,,
UC_ERR719370,ERZ1739792,PRJEB41812,ERS634943,ERZ1739792.1-ERZ1739792.254,,
UC_ERR695616,ERZ1739793,PRJEB41812,ERS625324,ERZ1739793.1-ERZ1739793.2343,,
UC_ERR1809147,ERZ1739794,PRJEB41812,ERS1509321,ERZ1739794.1-ERZ1739794.94,,
UC_ERR2270939,ERZ1739795,PRJEB41812,ERS2160329,ERZ1739795.1-ERZ1739795.46,,
UC_ERR1809148,ERZ1739796,PRJEB41812,ERS1509322,ERZ1739796.1-ERZ1739796.809,,
UC_ERR1297758,ERZ1739797,PRJEB41812,ERS1069661,ERZ1739797.1-ERZ1739797.684,,
UC_ERR1297788,ERZ1739798,PRJEB41812,ERS1069690,ERZ1739798.1-ERZ1739798.502,,
UC_ERR1474565,ERZ1739799,PRJEB41812,ERS1202863,ERZ1739799.1-ERZ1739799.4136,,
UC_ERR1297790,ERZ1739800,PRJEB41812,ERS1069681,ERZ1739800.1-ERZ1739800.1251,,
UC_SRR035174,ERZ1739801,PRJEB41812,SRS010147,ERZ1739801.1-ERZ1739801.9,,
UC_ERR719385,ERZ1739802,PRJEB41812,ERS634967,ERZ1739802.1-ERZ1739802.671,,
UC_ERR1681530,ERZ1739803,PRJEB41812,ERS1374915,ERZ1739803.1-ERZ1739803.1625,,
UC_ERR1297812,ERZ1739804,PRJEB41812,ERS1069649,ERZ1739804.1-ERZ1739804.1225,,
UC_ERR719380,ERZ1739805,PRJEB41812,ERS634967,ERZ1739805.1-ERZ1739805.689,,
UC_ERR719879,ERZ1739806,PRJEB41812,ERS634952,ERZ1739806.1-ERZ1739806.730,,
UC_ERR1611393,ERZ1739807,PRJEB41812,ERS1336021,ERZ1739807.1-ERZ1739807.172,,
UC_ERR1611422,ERZ1739808,PRJEB41812,ERS1336050,ERZ1739808.1-ERZ1739808.428,,
UC_SRR1045094,ERZ1739809,PRJEB41812,SRS512696,ERZ1739809.1-ERZ1739809.966,,
UC_ERR1474612,ERZ1739810,PRJEB41812,SRS147126,ERZ1739810.1-ERZ1739810.5631,,
UC_ERR1913229,ERZ1739811,PRJEB41812,ERS1647291,ERZ1739811.1-ERZ1739811.301,,
UC_ERR719843,ERZ1739812,PRJEB41812,ERS634975,ERZ1739812.1-ERZ1739812.258,,
UC_ERR1297753,ERZ1739813,PRJEB41812,ERS1069647,ERZ1739813.1-ERZ1739813.590,,
UC_ERR719868,ERZ1739814,PRJEB41812,ERS634952,ERZ1739814.1-ERZ1739814.787,,
UC_ERR505083,ERZ1739815,PRJEB41812,ERS433542,ERZ1739815.1-ERZ1739815.5887,,
UC_SRR2034637,ERZ1739816,PRJEB41812,SRS942313,ERZ1739816.1-ERZ1739816.680,,
UC_ERR981249,ERZ1739817,PRJEB41812,ERS805757,ERZ1739817.1-ERZ1739817.264,,
UC_SRR1634039,ERZ1739818,PRJEB41812,SRS727154,ERZ1739818.1-ERZ1739818.86,,
UC_ERR719875,ERZ1739819,PRJEB41812,ERS634952,ERZ1739819.1-ERZ1739819.662,,
UC_ERR1022515,ERZ1739820,PRJEB41812,ERS853162,ERZ1739820.1-ERZ1739820.397,,
UC_ERR2036075,ERZ1739821,PRJEB41812,ERS1825758,ERZ1739821.1-ERZ1739821.107,,
UC_ERR1913269,ERZ1739822,PRJEB41812,ERS1647310,ERZ1739822.1-ERZ1739822.8,,
UC_ERR1474585,ERZ1739823,PRJEB41812,ERS1202883,ERZ1739823.1-ERZ1739823.6484,,
UC_ERR1297795,ERZ1739824,PRJEB41812,ERS1069668,ERZ1739824.1-ERZ1739824.677,,
UC_ERR1913226,ERZ1739825,PRJEB41812,ERS1647288,ERZ1739825.1-ERZ1739825.11,,
UC_ERR719378,ERZ1739826,PRJEB41812,ERS634967,ERZ1739826.1-ERZ1739826.758,,
UC_ERR719907,ERZ1739827,PRJEB41812,ERS634929,ERZ1739827.1-ERZ1739827.517,,
UC_ERR1474571,ERZ1739828,PRJEB41812,ERS1202869,ERZ1739828.1-ERZ1739828.3581,,
UC_SRR1045092,ERZ1739829,PRJEB41812,SRS512694,ERZ1739829.1-ERZ1739829.996,,
UC_ERR981247,ERZ1739830,PRJEB41812,ERS805755,ERZ1739830.1-ERZ1739830.798,,
UC_ERR2271237,ERZ1739831,PRJEB41812,ERS2161190,ERZ1739831.1-ERZ1739831.381,,
UC_ERR1913302,ERZ1739832,PRJEB41812,ERS1647306,ERZ1739832.1-ERZ1739832.112,,
UC_SRR2037090,ERZ1739833,PRJEB41812,SRS943649,ERZ1739833.1-ERZ1739833.3629,,
UC_ERR505096,ERZ1739834,PRJEB41812,ERS433555,ERZ1739834.1-ERZ1739834.1751,,
UC_ERR1297820,ERZ1739835,PRJEB41812,ERS1069660,ERZ1739835.1-ERZ1739835.847,,
UC_ERR1809122,ERZ1739836,PRJEB41812,ERS1509315,ERZ1739836.1-ERZ1739836.320,,
UC_ERR695636,ERZ1739837,PRJEB41812,ERS625344,ERZ1739837.1-ERZ1739837.729,,
UC_ERR695626,ERZ1739838,PRJEB41812,ERS625334,ERZ1739838.1-ERZ1739838.3867,,
UC_ERR1659119,ERZ1739839,PRJEB41812,ERS1240058,ERZ1739839.1-ERZ1739839.711,,
UC_ERR719854,ERZ1739840,PRJEB41812,ERS634928,ERZ1739840.1-ERZ1739840.712,,
UC_ERR1681527,ERZ1739841,PRJEB41812,ERS1374914,ERZ1739841.1-ERZ1739841.1925,,
UC_ERR719849,ERZ1739842,PRJEB41812,ERS634928,ERZ1739842.1-ERZ1739842.740,,
UC_ERR1022499,ERZ1739843,PRJEB41812,ERS853146,ERZ1739843.1-ERZ1739843.1617,,
UC_ERR719401,ERZ1739844,PRJEB41812,ERS634920,ERZ1739844.1-ERZ1739844.610,,
UC_ERR634978,ERZ1739845,PRJEB41812,ERS482858,ERZ1739845.1-ERZ1739845.203,,
UC_ERR1913288,ERZ1739846,PRJEB41812,ERS1647301,ERZ1739846.1-ERZ1739846.5,,
UC_ERR2014392,ERZ1739847,PRJEB41812,ERS1796517,ERZ1739847.1-ERZ1739847.201,,
UC_ERR1823613,ERZ1739848,PRJEB41812,ERS1546057,ERZ1739848.1-ERZ1739848.57,,
UC_ERR2036067,ERZ1739849,PRJEB41812,ERS1825750,ERZ1739849.1-ERZ1739849.89,,
UC_ERR505086,ERZ1739850,PRJEB41812,ERS433545,ERZ1739850.1-ERZ1739850.4946,,
UC_ERR719872,ERZ1739851,PRJEB41812,ERS634952,ERZ1739851.1-ERZ1739851.735,,
UC_ERR2036077,ERZ1739852,PRJEB41812,ERS1825760,ERZ1739852.1-ERZ1739852.136,,
UC_ERR2014387,ERZ1739853,PRJEB41812,ERS1796512,ERZ1739853.1-ERZ1739853.3,,
UC_ERR1474578,ERZ1739854,PRJEB41812,ERS1202876,ERZ1739854.1-ERZ1739854.1040,,
UC_ERR1913293,ERZ1739855,PRJEB41812,ERS1647308,ERZ1739855.1-ERZ1739855.29,,
UC_ERR1809136,ERZ1739856,PRJEB41812,ERS1509318,ERZ1739856.1-ERZ1739856.166,,
UC_ERR1297813,ERZ1739857,PRJEB41812,ERS1069682,ERZ1739857.1-ERZ1739857.646,,
UC_ERR2271042,ERZ1739858,PRJEB41812,ERS2160994,ERZ1739858.1-ERZ1739858.165,,
UC_ERR1913245,ERZ1739859,PRJEB41812,ERS1647300,ERZ1739859.1-ERZ1739859.17,,
UC_ERR1809152,ERZ1739860,PRJEB41812,ERS1509325,ERZ1739860.1-ERZ1739860.26,,
UC_ERR695609,ERZ1739861,PRJEB41812,ERS625317,ERZ1739861.1-ERZ1739861.1818,,
UC_ERR1297810,ERZ1739862,PRJEB41812,ERS1069680,ERZ1739862.1-ERZ1739862.1309,,
UC_ERR1611409,ERZ1739863,PRJEB41812,ERS1336037,ERZ1739863.1-ERZ1739863.190,,
UC_ERR719881,ERZ1739864,PRJEB41812,ERS634952,ERZ1739864.1-ERZ1739864.231,,
UC_ERR2036070,ERZ1739865,PRJEB41812,ERS1825753,ERZ1739865.1-ERZ1739865.183,,
UC_ERR695600,ERZ1739866,PRJEB41812,ERS625308,ERZ1739866.1-ERZ1739866.2104,,
UC_SRR1045097,ERZ1739867,PRJEB41812,SRS512699,ERZ1739867.1-ERZ1739867.1482,,
UC_ERR2014379,ERZ1739868,PRJEB41812,ERS1796504,ERZ1739868.1-ERZ1739868.6,,
UC_ERR695633,ERZ1739869,PRJEB41812,ERS625341,ERZ1739869.1-ERZ1739869.1621,,
UC_ERR1809130,ERZ1739870,PRJEB41812,ERS1509317,ERZ1739870.1-ERZ1739870.213,,
UC_ERR2014357,ERZ1739871,PRJEB41812,ERS1796482,ERZ1739871.1-ERZ1739871.4,,
UC_ERR1913227,ERZ1739872,PRJEB41812,ERS1647288,ERZ1739872.1-ERZ1739872.14,,
UC_ERR1297828,ERZ1739873,PRJEB41812,ERS1069663,ERZ1739873.1-ERZ1739873.453,,
UC_ERR2014374,ERZ1739874,PRJEB41812,ERS1796499,ERZ1739874.1-ERZ1739874.250,,
UC_ERR719414,ERZ1739875,PRJEB41812,ERS634920,ERZ1739875.1-ERZ1739875.623,,
UC_ERR1022501,ERZ1739876,PRJEB41812,ERS853148,ERZ1739876.1-ERZ1739876.2040,,
UC_ERR695620,ERZ1739877,PRJEB41812,ERS625328,ERZ1739877.1-ERZ1739877.6266,,
UC_ERR2036072,ERZ1739878,PRJEB41812,ERS1825755,ERZ1739878.1-ERZ1739878.137,,
UC_ERR1549321,ERZ1739879,PRJEB41812,ERS1268584,ERZ1739879.1-ERZ1739879.2,,
UC_ERR1913301,ERZ1739880,PRJEB41812,ERS1647306,ERZ1739880.1-ERZ1739880.156,,
UC_ERR726369,ERZ1739881,PRJEB41812,ERS638280,ERZ1739881.1-ERZ1739881.837,,
UC_ERR1913264,ERZ1739882,PRJEB41812,ERS1647279,ERZ1739882.1-ERZ1739882.26,,
UC_ERR1913238,ERZ1739883,PRJEB41812,ERS1647311,ERZ1739883.1-ERZ1739883.296,,
UC_ERR1823601,ERZ1739884,PRJEB41812,ERS1546045,ERZ1739884.1-ERZ1739884.320,,
UC_ERR1297772,ERZ1739885,PRJEB41812,ERS1069652,ERZ1739885.1-ERZ1739885.1865,,
UC_ERR1297847,ERZ1739886,PRJEB41812,ERS1069686,ERZ1739886.1-ERZ1739886.558,,
UC_ERR2014377,ERZ1739887,PRJEB41812,ERS1796502,ERZ1739887.1-ERZ1739887.34,,
UC_ERR1474579,ERZ1739888,PRJEB41812,ERS1202877,ERZ1739888.1-ERZ1739888.5873,,
UC_ERR1600429,ERZ1739889,PRJEB41812,ERS1324489,ERZ1739889.1-ERZ1739889.7,,
UC_ERR695635,ERZ1739890,PRJEB41812,ERS625343,ERZ1739890.1-ERZ1739890.1759,,
UC_ERR1659112,ERZ1739891,PRJEB41812,ERS1240061,ERZ1739891.1-ERZ1739891.651,,
UC_ERR1611385,ERZ1739892,PRJEB41812,ERS1336013,ERZ1739892.1-ERZ1739892.575,,
UC_ERR1297848,ERZ1739893,PRJEB41812,ERS1069684,ERZ1739893.1-ERZ1739893.159,,
UC_ERR1297779,ERZ1739894,PRJEB41812,ERS1069641,ERZ1739894.1-ERZ1739894.412,,
UC_SRR1635884,ERZ1739895,PRJEB41812,SRS734462,ERZ1739895.1-ERZ1739895.88,,
UC_ERR2014388,ERZ1739896,PRJEB41812,ERS1796513,ERZ1739896.1-ERZ1739896.270,,
UC_ERR1297818,ERZ1739897,PRJEB41812,ERS1069643,ERZ1739897.1-ERZ1739897.633,,
UC_ERR719382,ERZ1739898,PRJEB41812,ERS634967,ERZ1739898.1-ERZ1739898.726,,
UC_ERR1913222,ERZ1739899,PRJEB41812,ERS1647321,ERZ1739899.1-ERZ1739899.463,,
UC_ERR1611386,ERZ1739900,PRJEB41812,ERS1336014,ERZ1739900.1-ERZ1739900.564,,
UC_ERR695613,ERZ1739901,PRJEB41812,ERS625321,ERZ1739901.1-ERZ1739901.812,,
UC_ERR1913287,ERZ1739902,PRJEB41812,ERS1647283,ERZ1739902.1-ERZ1739902.59,,
UC_ERR1913246,ERZ1739903,PRJEB41812,ERS1647315,ERZ1739903.1-ERZ1739903.141,,
UC_ERR1809154,ERZ1739904,PRJEB41812,ERS1509327,ERZ1739904.1-ERZ1739904.214,,
UC_ERR1297809,ERZ1739905,PRJEB41812,ERS1069662,ERZ1739905.1-ERZ1739905.1569,,
UC_ERR634989,ERZ1739906,PRJEB41812,ERS482869,ERZ1739906.1-ERZ1739906.526,,
UC_ERR1611402,ERZ1739907,PRJEB41812,ERS1336030,ERZ1739907.1-ERZ1739907.59,,
UC_ERR1600437,ERZ1739908,PRJEB41812,ERS1324497,ERZ1739908.1-ERZ1739908.2,,
UC_ERR598788,ERZ1739909,PRJEB41812,ERS542292,ERZ1739909.1-ERZ1739909.44,,
UC_ERR719376,ERZ1739910,PRJEB41812,ERS634967,ERZ1739910.1-ERZ1739910.732,,
UC_ERR1022494,ERZ1739911,PRJEB41812,ERS853142,ERZ1739911.1-ERZ1739911.15,,
UC_ERR1022496,ERZ1739912,PRJEB41812,ERS853140,ERZ1739912.1-ERZ1739912.2,,
UC_ERR1809140,ERZ1739913,PRJEB41812,ERS1509319,ERZ1739913.1-ERZ1739913.316,,
UC_ERR1600428,ERZ1739914,PRJEB41812,ERS1324488,ERZ1739914.1-ERZ1739914.4,,
UC_ERR2014383,ERZ1739915,PRJEB41812,ERS1796508,ERZ1739915.1-ERZ1739915.239,,
UC_ERR695612,ERZ1739916,PRJEB41812,ERS625320,ERZ1739916.1-ERZ1739916.857,,
UC_ERR634979,ERZ1739917,PRJEB41812,ERS482859,ERZ1739917.1-ERZ1739917.572,,
UC_ERR1297832,ERZ1739918,PRJEB41812,ERS1069672,ERZ1739918.1-ERZ1739918.379,,
UC_ERR2271236,ERZ1739919,PRJEB41812,ERS2161189,ERZ1739919.1-ERZ1739919.277,,
UC_ERR505084,ERZ1739920,PRJEB41812,ERS433543,ERZ1739920.1-ERZ1739920.7740,,
UC_ERR719428,ERZ1739921,PRJEB41812,ERS634944,ERZ1739921.1-ERZ1739921.674,,
UC_ERR1297834,ERZ1739922,PRJEB41812,ERS1069666,ERZ1739922.1-ERZ1739922.749,,
UC_SRR2037085,ERZ1739923,PRJEB41812,SRS943645,ERZ1739923.1-ERZ1739923.7203,,
UC_ERR1913257,ERZ1739924,PRJEB41812,ERS1647295,ERZ1739924.1-ERZ1739924.9,,
UC_ERR1659111,ERZ1739925,PRJEB41812,ERS1240060,ERZ1739925.1-ERZ1739925.474,,
UC_ERR1913316,ERZ1739926,PRJEB41812,ERS1647287,ERZ1739926.1-ERZ1739926.4,,
UC_ERR1474577,ERZ1739927,PRJEB41812,ERS1202875,ERZ1739927.1-ERZ1739927.3090,,
UC_ERR1297783,ERZ1739928,PRJEB41812,ERS1069659,ERZ1739928.1-ERZ1739928.576,,
UC_ERR1600432,ERZ1739929,PRJEB41812,ERS1324492,ERZ1739929.1-ERZ1739929.3,,
UC_ERR2270938,ERZ1739930,PRJEB41812,ERS2160328,ERZ1739930.1-ERZ1739930.104,,
UC_ERR719887,ERZ1739931,PRJEB41812,ERS634976,ERZ1739931.1-ERZ1739931.272,,
UC_ERR2014381,ERZ1739932,PRJEB41812,ERS1796506,ERZ1739932.1-ERZ1739932.16,,
UC_ERR505101,ERZ1739933,PRJEB41812,ERS433560,ERZ1739933.1-ERZ1739933.1485,,
UC_SRR2034639,ERZ1739934,PRJEB41812,SRS942320,ERZ1739934.1-ERZ1739934.1661,,
UC_ERR1823599,ERZ1739935,PRJEB41812,ERS1546043,ERZ1739935.1-ERZ1739935.1848,,
UC_SRR1044017,ERZ1739936,PRJEB41812,SRS511708,ERZ1739936.1-ERZ1739936.615,,
UC_ERR719455,ERZ1739937,PRJEB41812,ERS634968,ERZ1739937.1-ERZ1739937.1014,,
UC_ERR1297797,ERZ1739938,PRJEB41812,ERS1069637,ERZ1739938.1-ERZ1739938.1560,,
UC_ERR1297842,ERZ1739939,PRJEB41812,ERS1069677,ERZ1739939.1-ERZ1739939.293,,
UC_ERR1913258,ERZ1739940,PRJEB41812,ERS1647295,ERZ1739940.1-ERZ1739940.9,,
UC_ERR695610,ERZ1739941,PRJEB41812,ERS625318,ERZ1739941.1-ERZ1739941.2835,,
UC_ERR1913283,ERZ1739942,PRJEB41812,ERS1647280,ERZ1739942.1-ERZ1739942.6,,
UC_ERR1297835,ERZ1739943,PRJEB41812,ERS1069685,ERZ1739943.1-ERZ1739943.767,,
UC_ERR2014368,ERZ1739944,PRJEB41812,ERS1796493,ERZ1739944.1-ERZ1739944.15,,
UC_ERR695598,ERZ1739945,PRJEB41812,ERS625306,ERZ1739945.1-ERZ1739945.2292,,
UC_ERR1913260,ERZ1739946,PRJEB41812,ERS1647295,ERZ1739946.1-ERZ1739946.9,,
UC_ERR1809131,ERZ1739947,PRJEB41812,ERS1509317,ERZ1739947.1-ERZ1739947.218,,
UC_ERR1611419,ERZ1739948,PRJEB41812,ERS1336047,ERZ1739948.1-ERZ1739948.1011,,
UC_ERR1823588,ERZ1739949,PRJEB41812,ERS1546032,ERZ1739949.1-ERZ1739949.1141,,
UC_ERR719926,ERZ1739950,PRJEB41812,ERS634953,ERZ1739950.1-ERZ1739950.510,,
UC_ERR1611388,ERZ1739951,PRJEB41812,ERS1336016,ERZ1739951.1-ERZ1739951.301,,
UC_ERR1823596,ERZ1739952,PRJEB41812,ERS1546040,ERZ1739952.1-ERZ1739952.1076,,
UC_ERR1611400,ERZ1739953,PRJEB41812,ERS1336028,ERZ1739953.1-ERZ1739953.47,,
UC_ERR1809151,ERZ1739954,PRJEB41812,ERS1509325,ERZ1739954.1-ERZ1739954.44,,
UC_ERR981251,ERZ1739955,PRJEB41812,ERS805760,ERZ1739955.1-ERZ1739955.188,,
UC_ERR1297794,ERZ1739956,PRJEB41812,ERS1069678,ERZ1739956.1-ERZ1739956.1148,,
UC_ERR1297852,ERZ1739957,PRJEB41812,ERS1069683,ERZ1739957.1-ERZ1739957.1098,,
UC_ERR1913297,ERZ1739958,PRJEB41812,ERS1647290,ERZ1739958.1-ERZ1739958.4,,
UC_ERR1913277,ERZ1739959,PRJEB41812,ERS1647320,ERZ1739959.1-ERZ1739959.40,,
UC_ERR695630,ERZ1739960,PRJEB41812,ERS625338,ERZ1739960.1-ERZ1739960.1659,,
UC_ERR1297804,ERZ1739961,PRJEB41812,ERS1069654,ERZ1739961.1-ERZ1739961.1252,,
UC_ERR1297775,ERZ1739962,PRJEB41812,ERS1069641,ERZ1739962.1-ERZ1739962.322,,
UC_ERR981212,ERZ1739963,PRJEB41812,ERS809858,ERZ1739963.1-ERZ1739963.4888,,
UC_ERR1659116,ERZ1739964,PRJEB41812,ERS1240068,ERZ1739964.1-ERZ1739964.579,,
UC_ERR1809150,ERZ1739965,PRJEB41812,ERS1509324,ERZ1739965.1-ERZ1739965.23,,
UC_SRR1044036,ERZ1739966,PRJEB41812,SRS511714,ERZ1739966.1-ERZ1739966.478,,
UC_ERR1913231,ERZ1739967,PRJEB41812,ERS1647291,ERZ1739967.1-ERZ1739967.376,,
UC_ERR719934,ERZ1739968,PRJEB41812,ERS634977,ERZ1739968.1-ERZ1739968.833,,
UC_ERR537011,ERZ1739969,PRJEB41812,ERS480594,ERZ1739969.1-ERZ1739969.2641,,
UC_ERR695621,ERZ1739970,PRJEB41812,ERS625329,ERZ1739970.1-ERZ1739970.5869,,
UC_ERR1809133,ERZ1739971,PRJEB41812,ERS1509318,ERZ1739971.1-ERZ1739971.168,,
UC_ERR719397,ERZ1739972,PRJEB41812,ERS634967,ERZ1739972.1-ERZ1739972.591,,
UC_ERR695603,ERZ1739973,PRJEB41812,ERS625311,ERZ1739973.1-ERZ1739973.1862,,
UC_ERR695607,ERZ1739974,PRJEB41812,ERS625315,ERZ1739974.1-ERZ1739974.1391,,
UC_ERR2014360,ERZ1739975,PRJEB41812,ERS1796485,ERZ1739975.1-ERZ1739975.21,,
UC_ERR1809124,ERZ1739976,PRJEB41812,ERS1509315,ERZ1739976.1-ERZ1739976.51,,
UC_SRR035171,ERZ1739977,PRJEB41812,SRS010144,ERZ1739977.1-ERZ1739977.3,,
UC_ERR719922,ERZ1739978,PRJEB41812,ERS634953,ERZ1739978.1-ERZ1739978.490,,
UC_ERR1913253,ERZ1739979,PRJEB41812,ERS1647303,ERZ1739979.1-ERZ1739979.175,,
UC_ERR1297787,ERZ1739980,PRJEB41812,ERS1069652,ERZ1739980.1-ERZ1739980.1878,,
UC_ERR1913285,ERZ1739981,PRJEB41812,ERS1647283,ERZ1739981.1-ERZ1739981.57,,
UC_ERR1809138,ERZ1739982,PRJEB41812,ERS1509319,ERZ1739982.1-ERZ1739982.550,,
UC_SRR1044034,ERZ1739983,PRJEB41812,SRS511712,ERZ1739983.1-ERZ1739983.731,,
UC_ERR2270962,ERZ1739984,PRJEB41812,ERS2160343,ERZ1739984.1-ERZ1739984.52,,
UC_ERR1611411,ERZ1739985,PRJEB41812,ERS1336039,ERZ1739985.1-ERZ1739985.522,,
UC_ERR1681540,ERZ1739986,PRJEB41812,ERS1374928,ERZ1739986.1-ERZ1739986.1302,,
UC_ERR1744187,ERZ1739987,PRJEB41812,ERS1462086,ERZ1739987.1-ERZ1739987.1627,,
UC_ERR1913256,ERZ1739988,PRJEB41812,ERS1647295,ERZ1739988.1-ERZ1739988.9,,
UC_ERR1913251,ERZ1739989,PRJEB41812,ERS1647297,ERZ1739989.1-ERZ1739989.208,,
UC_ERR1913307,ERZ1739990,PRJEB41812,ERS1647328,ERZ1739990.1-ERZ1739990.485,,
UC_SRR035172,ERZ1739991,PRJEB41812,SRS010145,ERZ1739991.1-ERZ1739991.8,,
UC_SRR035173,ERZ1739992,PRJEB41812,SRS010146,ERZ1739992.1-ERZ1739992.14,,
UC_ERR1297850,ERZ1739993,PRJEB41812,ERS1069690,ERZ1739993.1-ERZ1739993.711,,
UC_ERR1611421,ERZ1739994,PRJEB41812,ERS1336049,ERZ1739994.1-ERZ1739994.5,,
UC_ERR719864,ERZ1739995,PRJEB41812,ERS634928,ERZ1739995.1-ERZ1739995.698,,
UC_ERR634976,ERZ1739996,PRJEB41812,ERS482856,ERZ1739996.1-ERZ1739996.1918,,
UC_ERR1681523,ERZ1739997,PRJEB41812,ERS1374916,ERZ1739997.1-ERZ1739997.1624,,
UC_ERR1913308,ERZ1739998,PRJEB41812,ERS1647307,ERZ1739998.1-ERZ1739998.351,,
UC_ERR1297796,ERZ1739999,PRJEB41812,ERS1069640,ERZ1739999.1-ERZ1739999.1221,,
UC_ERR634975,ERZ1740000,PRJEB41812,ERS482855,ERZ1740000.1-ERZ1740000.2563,,
UC_ERR1297778,ERZ1740001,PRJEB41812,ERS1069669,ERZ1740001.1-ERZ1740001.483,,
UC_ERR1809146,ERZ1740002,PRJEB41812,ERS1509321,ERZ1740002.1-ERZ1740002.351,,
UC_ERR1913318,ERZ1740003,PRJEB41812,ERS1647322,ERZ1740003.1-ERZ1740003.1444,,
UC_ERR1913271,ERZ1740004,PRJEB41812,ERS1647310,ERZ1740004.1-ERZ1740004.11,,
UC_ERR1823598,ERZ1740005,PRJEB41812,ERS1546042,ERZ1740005.1-ERZ1740005.1753,,
UC_ERR1297763,ERZ1740006,PRJEB41812,ERS1069671,ERZ1740006.1-ERZ1740006.369,,
UC_ERR695624,ERZ1740007,PRJEB41812,ERS625332,ERZ1740007.1-ERZ1740007.613,,
UC_ERR1297816,ERZ1740008,PRJEB41812,ERS1069671,ERZ1740008.1-ERZ1740008.415,,
UC_ERR1297769,ERZ1740009,PRJEB41812,ERS1069644,ERZ1740009.1-ERZ1740009.973,,
UC_ERR1297803,ERZ1740010,PRJEB41812,ERS1069683,ERZ1740010.1-ERZ1740010.968,,
UC_ERR1611392,ERZ1740011,PRJEB41812,ERS1336020,ERZ1740011.1-ERZ1740011.338,,
UC_ERR2014391,ERZ1740012,PRJEB41812,ERS1796516,ERZ1740012.1-ERZ1740012.68,,
UC_ERR1022506,ERZ1740013,PRJEB41812,ERS853153,ERZ1740013.1-ERZ1740013.456,,
UC_ERR1823607,ERZ1740014,PRJEB41812,ERS1546051,ERZ1740014.1-ERZ1740014.1382,,
UC_ERR537008,ERZ1740015,PRJEB41812,ERS480592,ERZ1740015.1-ERZ1740015.1191,,
UC_ERR1297824,ERZ1740016,PRJEB41812,ERS1069685,ERZ1740016.1-ERZ1740016.808,,
UC_ERR505106,ERZ1740017,PRJEB41812,ERS433565,ERZ1740017.1-ERZ1740017.3671,,
UC_ERR1681541,ERZ1740018,PRJEB41812,ERS1374921,ERZ1740018.1-ERZ1740018.1017,,
UC_ERR719857,ERZ1740019,PRJEB41812,ERS634928,ERZ1740019.1-ERZ1740019.713,,
UC_ERR719367,ERZ1740020,PRJEB41812,ERS634943,ERZ1740020.1-ERZ1740020.256,,
UC_ERR1474570,ERZ1740021,PRJEB41812,ERS1202868,ERZ1740021.1-ERZ1740021.4814,,
UC_ERR1913259,ERZ1740022,PRJEB41812,ERS1647295,ERZ1740022.1-ERZ1740022.12,,
UC_ERR695627,ERZ1740023,PRJEB41812,ERS625335,ERZ1740023.1-ERZ1740023.3852,,
UC_ERR1297770,ERZ1740024,PRJEB41812,ERS1069676,ERZ1740024.1-ERZ1740024.926,,
UC_ERR1913292,ERZ1740025,PRJEB41812,ERS1647308,ERZ1740025.1-ERZ1740025.25,,
UC_ERR1823602,ERZ1740026,PRJEB41812,ERS1546046,ERZ1740026.1-ERZ1740026.888,,
UC_ERR1913249,ERZ1740027,PRJEB41812,ERS1647297,ERZ1740027.1-ERZ1740027.204,,
UC_ERR1297774,ERZ1740028,PRJEB41812,ERS1069689,ERZ1740028.1-ERZ1740028.1431,,
UC_ERR1681535,ERZ1740029,PRJEB41812,ERS1374927,ERZ1740029.1-ERZ1740029.615,,
UC_ERR2014373,ERZ1740030,PRJEB41812,ERS1796498,ERZ1740030.1-ERZ1740030.10,,
UC_ERR2014358,ERZ1740031,PRJEB41812,ERS1796483,ERZ1740031.1-ERZ1740031.186,,
UC_ERR1297840,ERZ1740032,PRJEB41812,ERS1069679,ERZ1740032.1-ERZ1740032.608,,
UC_ERR2014367,ERZ1740033,PRJEB41812,ERS1796492,ERZ1740033.1-ERZ1740033.199,,
UC_SRR1636506,ERZ1740034,PRJEB41812,SRS734462,ERZ1740034.1-ERZ1740034.145,,
UC_ERR505089,ERZ1740035,PRJEB41812,ERS433548,ERZ1740035.1-ERZ1740035.3547,,
UC_ERR1022497,ERZ1740036,PRJEB41812,ERS853144,ERZ1740036.1-ERZ1740036.554,,
UC_ERR1022508,ERZ1740037,PRJEB41812,ERS853155,ERZ1740037.1-ERZ1740037.245,,
UC_ERR695628,ERZ1740038,PRJEB41812,ERS625336,ERZ1740038.1-ERZ1740038.1749,,
UC_ERR634977,ERZ1740039,PRJEB41812,ERS482857,ERZ1740039.1-ERZ1740039.1174,,
UC_SRR2034638,ERZ1740040,PRJEB41812,SRS942319,ERZ1740040.1-ERZ1740040.763,,
UC_ERR719450,ERZ1740041,PRJEB41812,ERS634968,ERZ1740041.1-ERZ1740041.1027,,
UC_ERR1611394,ERZ1740042,PRJEB41812,ERS1336022,ERZ1740042.1-ERZ1740042.111,,
UC_ERR1823587,ERZ1740043,PRJEB41812,ERS1546031,ERZ1740043.1-ERZ1740043.1612,,
UC_ERR1611413,ERZ1740044,PRJEB41812,ERS1336041,ERZ1740044.1-ERZ1740044.475,,
UC_ERR719911,ERZ1740045,PRJEB41812,ERS634929,ERZ1740045.1-ERZ1740045.461,,
UC_ERR1913279,ERZ1740046,PRJEB41812,ERS1647320,ERZ1740046.1-ERZ1740046.49,,
UC_ERR1297757,ERZ1740047,PRJEB41812,ERS1069639,ERZ1740047.1-ERZ1740047.368,,
