BioProject,SRARunID,Microbiome,Number_of_unknown_contigs,Proportion_of_unknown_contigs,Number_of_unknown_bases,Proportion_of_unknown_bases
PRJEB15334,ERR1611403,Oral,831,2.25,647357,0.83
PRJEB15334,ERR1611393,Oral,172,1.77,124438,0.85
PRJEB15334,ERR1611396,Oral,167,2.0,97449,0.34
PRJEB15334,ERR1611404,Oral,94,2.79,53615,1.82
PRJEB15334,ERR1611416,Oral,71,3.53,40495,0.6
PRJEB15334,ERR1611410,Oral,151,1.65,89992,0.75
PRJEB15334,ERR1611391,Oral,257,1.94,161501,0.62
PRJEB15334,ERR1611382,Oral,241,2.18,139410,0.88
PRJEB15334,ERR1611387,Oral,333,3.84,194420,1.46
PRJEB15334,ERR1611386,Oral,564,2.88,461311,0.93
PRJEB15334,ERR1611402,Oral,59,2.84,31947,0.47
PRJEB15334,ERR1611412,Oral,221,1.82,141412,0.52
PRJEB15334,ERR1611411,Oral,522,3.86,314098,1.12
PRJEB15334,ERR1611399,Oral,265,3.9,163893,2.89
PRJEB15334,ERR1611420,Oral,352,2.0,240478,0.47
PRJEB15334,ERR1611394,Oral,111,1.17,73265,0.54
PRJEB15334,ERR1611425,Oral,0,0.0,0,0.0
PRJEB15334,ERR1611395,Oral,246,2.51,158800,0.61
PRJEB15334,ERR1611379,Oral,256,2.22,152447,0.61
PRJEB15334,ERR1611415,Oral,57,4.4,34797,0.69
PRJEB15334,ERR1611423,Oral,865,16.07,610167,14.51
PRJEB15334,ERR1611409,Oral,190,1.78,112380,0.44
PRJEB15334,ERR1611398,Oral,392,2.07,230876,1.09
PRJEB15334,ERR1611419,Oral,1011,4.27,642397,2.2
PRJEB15334,ERR1611378,Oral,387,3.01,246488,1.4
PRJEB15334,ERR1611400,Oral,47,1.17,26182,0.46
PRJEB15334,ERR1611407,Oral,236,2.49,142264,0.93
PRJEB15334,ERR1611392,Oral,338,2.48,224389,0.71
PRJEB15334,ERR1611397,Oral,1190,3.99,831505,1.84
PRJEB15334,ERR1611414,Oral,93,1.7,51861,1.04
PRJEB15334,ERR1611413,Oral,475,6.41,281284,2.15
PRJEB15334,ERR1611380,Oral,76,2.0,46962,0.55
PRJEB15334,ERR1611390,Oral,365,2.49,233560,0.92
PRJEB15334,ERR1611417,Oral,157,1.98,97263,1.24
PRJEB15334,ERR1611405,Oral,828,3.03,505465,1.08
PRJEB15334,ERR1611383,Oral,103,1.24,59549,0.65
PRJEB15334,ERR1611422,Oral,428,6.58,264327,3.9
PRJEB15334,ERR1611408,Oral,143,1.58,84917,0.85
PRJEB15334,ERR1611406,Oral,491,2.73,302427,0.67
PRJEB15334,ERR1611421,Oral,5,12.2,2206,7.97
PRJEB15334,ERR1611384,Oral,576,3.53,375285,1.51
PRJEB15334,ERR1611389,Oral,30,7.94,16216,6.06
PRJEB15334,ERR1611388,Oral,301,1.26,172969,0.61
PRJEB15334,ERR1611385,Oral,575,2.23,355697,0.71
PRJEB15334,ERR1611381,Oral,277,2.03,158173,0.77
PRJEB8201,ERR726369,Fecal,837,1.05,445866,0.37
PRJEB8201,ERR726368,Fecal,2546,2.73,1356365,1.21
PRJEB10919,ERR1022494,Sputum,15,5.19,6560,0.15
PRJEB10919,ERR1022498,Sputum,267,3.28,131794,2.67
PRJEB10919,ERR1022511,Sputum,198,2.65,126124,2.37
PRJEB10919,ERR1022499,Sputum,1617,3.87,922787,3.37
PRJEB10919,ERR1022509,Sputum,315,4.06,238719,4.13
PRJEB10919,ERR1022507,Sputum,431,2.6,228166,1.9
PRJEB10919,ERR1022502,Sputum,1330,4.26,672767,2.84
PRJEB10919,ERR1022495,Sputum,7,0.28,2671,0.08
PRJEB10919,ERR1022497,Sputum,554,8.99,322952,8.91
PRJEB10919,ERR1022503,Sputum,1533,5.95,705098,4.66
PRJEB10919,ERR1022508,Sputum,245,3.36,122348,2.19
PRJEB10919,ERR1022512,Sputum,706,10.91,393647,11.08
PRJEB10919,ERR1022500,Sputum,1317,3.37,715550,2.87
PRJEB10919,ERR1022515,Sputum,397,2.48,168911,1.97
PRJEB10919,ERR1022504,Sputum,626,2.93,304928,2.11
PRJEB10919,ERR1022496,Sputum,2,0.97,1127,0.03
PRJEB10919,ERR1022493,Sputum,10,2.34,3972,0.09
PRJEB10919,ERR1022505,Sputum,194,2.62,107470,2.17
PRJEB10919,ERR1022501,Sputum,2040,7.68,1148296,7.16
PRJEB10919,ERR1022510,Sputum,85,2.61,32861,2.32
PRJEB10919,ERR1022514,Sputum,1080,4.14,594183,3.35
PRJEB10919,ERR1022506,Sputum,456,5.11,238220,4.51
PRJEB10919,ERR1022513,Sputum,114,15.3,53977,12.81
PRJNA43253,SRR035159,Fecal,8,17.78,2870,13.73
PRJNA43253,SRR035171,Fecal,3,6.12,1472,6.26
PRJNA43253,SRR035172,Fecal,8,13.11,2801,9.91
PRJNA43253,SRR035170,Fecal,7,10.61,3791,11.91
PRJNA43253,SRR035174,Fecal,9,16.07,5102,17.61
PRJNA43253,SRR035173,Fecal,14,16.09,6944,16.84
PRJNA43253,SRR035162,Fecal,0,0.0,0,0.0
PRJEB21696,ERR2028013,Fecal,0,0.0,0,0.0
PRJEB17784,ERR1913247,Fecal,148,1.47,62955,1.12
PRJEB17784,ERR1913244,Fecal,19,7.76,17373,6.55
PRJEB17784,ERR1913281,Fecal,15,7.58,6391,6.7
PRJEB17784,ERR1913224,Fecal,14,3.63,11983,5.71
PRJEB17784,ERR1913287,Fecal,59,14.75,26554,13.92
PRJEB17784,ERR1913298,Fecal,6,0.62,2126,0.49
PRJEB17784,ERR1913312,Fecal,59,2.03,23410,1.75
PRJEB17784,ERR1913242,Fecal,37,12.17,28381,10.13
PRJEB17784,ERR1913309,Fecal,292,1.37,125463,0.94
PRJEB17784,ERR1913284,Fecal,64,15.38,30593,15.28
PRJEB17784,ERR1913283,Fecal,6,4.62,2282,3.57
PRJEB17784,ERR1913251,Fecal,208,2.31,106391,1.73
PRJEB17784,ERR1913272,Fecal,12,2.65,5426,2.6
PRJEB17784,ERR1913305,Fecal,26,20.0,10300,15.85
PRJEB17784,ERR1913278,Fecal,35,13.36,21164,12.75
PRJEB17784,ERR1913252,Fecal,204,2.47,80003,1.1
PRJEB17784,ERR1913266,Fecal,79,0.94,34010,0.73
PRJEB17784,ERR1913297,Fecal,4,0.41,1370,0.31
PRJEB17784,ERR1913228,Fecal,147,0.69,57119,0.32
PRJEB17784,ERR1913288,Fecal,5,0.84,1699,0.55
PRJEB17784,ERR1913302,Fecal,112,1.51,54033,0.69
PRJEB17784,ERR1913237,Fecal,254,3.46,135663,3.52
PRJEB17784,ERR1913241,Fecal,357,1.94,168640,1.18
PRJEB17784,ERR1913256,Fecal,9,4.81,3188,3.66
PRJEB17784,ERR1913232,Fecal,0,0.0,0,0.0
PRJEB17784,ERR1913221,Fecal,457,3.86,201005,2.84
PRJEB17784,ERR1913277,Fecal,40,14.29,23015,12.58
PRJEB17784,ERR1913301,Fecal,156,2.07,67399,1.28
PRJEB17784,ERR1913265,Fecal,105,1.08,41563,0.78
PRJEB17784,ERR1913222,Fecal,463,4.22,194710,3.24
PRJEB17784,ERR1913234,Fecal,1,5.0,317,3.34
PRJEB17784,ERR1913299,Fecal,2,0.22,783,0.18
PRJEB17784,ERR1913289,Fecal,0,0.0,0,0.0
PRJEB17784,ERR1913279,Fecal,49,17.82,24564,14.49
PRJEB17784,ERR1913243,Fecal,20,7.38,13569,5.04
PRJEB17784,ERR1913231,Fecal,376,1.7,165427,0.92
PRJEB17784,ERR1913238,Fecal,296,1.95,183656,2.11
PRJEB17784,ERR1913300,Fecal,168,2.16,76481,1.31
PRJEB17784,ERR1913286,Fecal,56,15.01,24208,14.02
PRJEB17784,ERR1913220,Fecal,56,14.11,23920,13.68
PRJEB17784,ERR1913282,Fecal,7,5.07,2613,4.06
PRJEB17784,ERR1913258,Fecal,9,5.45,3412,4.21
PRJEB17784,ERR1913290,Fecal,1,0.16,438,0.14
PRJEB17784,ERR1913307,Fecal,485,1.36,214665,0.76
PRJEB17784,ERR1913270,Fecal,12,2.97,5454,2.9
PRJEB17784,ERR1913230,Fecal,317,1.83,141210,1.17
PRJEB17784,ERR1913310,Fecal,515,1.54,227271,0.96
PRJEB17784,ERR1913319,Fecal,439,1.95,215979,1.03
PRJEB17784,ERR1913303,Fecal,38,21.47,15267,18.36
PRJEB17784,ERR1913313,Fecal,238,2.95,111620,2.7
PRJEB17784,ERR1913296,Fecal,9,0.86,3338,0.71
PRJEB17784,ERR1913280,Fecal,16,10.39,5785,8.1
PRJEB17784,ERR1913295,Fecal,27,6.51,9522,5.07
PRJEB17784,ERR1913245,Fecal,17,6.51,15486,5.83
PRJEB17784,ERR1913223,Fecal,594,3.67,276024,2.18
PRJEB17784,ERR1913253,Fecal,175,2.33,72901,1.11
PRJEB17784,ERR1913229,Fecal,301,1.7,138501,1.1
PRJEB17784,ERR1913261,Fecal,30,2.79,11809,2.68
PRJEB17784,ERR1913293,Fecal,29,6.58,11215,5.42
PRJEB17784,ERR1913239,Fecal,292,2.15,130319,1.3
PRJEB17784,ERR1913317,Fecal,1,0.08,794,0.13
PRJEB17784,ERR1913267,Fecal,168,1.06,72844,0.77
PRJEB17784,ERR1913314,Fecal,5,0.35,1742,0.26
PRJEB17784,ERR1913240,Fecal,308,2.23,139545,1.39
PRJEB17784,ERR1913292,Fecal,25,4.89,10242,4.41
PRJEB17784,ERR1913227,Fecal,14,4.35,12657,6.81
PRJEB17784,ERR1913225,Fecal,14,2.9,11874,4.59
PRJEB17784,ERR1913249,Fecal,204,3.41,93495,2.87
PRJEB17784,ERR1913250,Fecal,217,3.24,102242,2.78
PRJEB17784,ERR1913271,Fecal,11,2.83,5332,2.86
PRJEB17784,ERR1913268,Fecal,10,1.93,4317,1.79
PRJEB17784,ERR1913304,Fecal,35,22.01,13353,17.43
PRJEB17784,ERR1913236,Fecal,278,3.3,154550,3.42
PRJEB17784,ERR1913285,Fecal,57,13.7,26372,13.67
PRJEB17784,ERR1913291,Fecal,3,0.52,1111,0.36
PRJEB17784,ERR1913274,Fecal,15,3.7,6986,3.7
PRJEB17784,ERR1913269,Fecal,8,1.92,2897,1.45
PRJEB17784,ERR1913235,Fecal,0,0.0,0,0.0
PRJEB17784,ERR1913311,Fecal,75,2.17,31222,1.92
PRJEB17784,ERR1913275,Fecal,15,4.14,7678,4.44
PRJEB17784,ERR1913316,Fecal,4,0.37,1505,0.28
PRJEB17784,ERR1913246,Fecal,141,1.42,60651,1.09
PRJEB17784,ERR1913254,Fecal,257,1.99,104144,1.0
PRJEB17784,ERR1913260,Fecal,9,5.88,3352,4.49
PRJEB17784,ERR1913276,Fecal,44,15.07,24760,13.21
PRJEB17784,ERR1913294,Fecal,20,5.06,8459,4.65
PRJEB17784,ERR1913233,Fecal,0,0.0,0,0.0
PRJEB17784,ERR1913262,Fecal,34,3.52,12474,3.16
PRJEB17784,ERR1913315,Fecal,4,0.3,1602,0.25
PRJEB17784,ERR1913318,Fecal,1444,2.8,648640,1.52
PRJEB17784,ERR1913255,Fecal,315,0.92,158630,0.53
PRJEB17784,ERR1913248,Fecal,136,1.1,63120,0.71
PRJEB17784,ERR1913226,Fecal,11,3.62,11693,6.43
PRJEB17784,ERR1913273,Fecal,12,2.88,5877,2.94
PRJEB17784,ERR1913306,Fecal,15,12.2,6236,9.65
PRJEB17784,ERR1913257,Fecal,9,4.81,3188,3.66
PRJEB17784,ERR1913308,Fecal,351,1.36,153832,0.93
PRJEB17784,ERR1913259,Fecal,12,8.39,4257,6.24
PRJEB17784,ERR1913264,Fecal,26,3.04,10079,2.85
PRJEB17784,ERR1913263,Fecal,17,2.89,6911,2.84
PRJEB14301,ERR1447826,Human,430,11.19,166319,11.09
PRJEB10295,ERR981212,Skin,4888,24.49,2681651,25.85
PRJEB10295,ERR981213,Skin,614,5.68,390203,3.94
PRJEB12357,ERR1297753,Fecal,590,1.92,292926,0.57
PRJEB12357,ERR1297782,Fecal,457,2.13,213424,0.56
PRJEB12357,ERR1297758,Fecal,684,1.46,308306,0.44
PRJEB12357,ERR1297771,Fecal,1387,2.1,637013,0.72
PRJEB12357,ERR1297804,Fecal,1252,1.94,620269,0.79
PRJEB12357,ERR1297806,Fecal,1795,2.0,840191,0.82
PRJEB12357,ERR1297787,Fecal,1878,2.39,886586,0.93
PRJEB12357,ERR1297826,Fecal,1229,2.18,609873,0.94
PRJEB12357,ERR1297819,Fecal,719,1.51,340725,0.49
PRJEB12357,ERR1297851,Fecal,611,1.57,280316,0.63
PRJEB12357,ERR1297800,Fecal,852,1.34,385112,0.47
PRJEB12357,ERR1297840,Fecal,608,1.5,275161,0.55
PRJEB12357,ERR1297783,Fecal,576,1.38,277067,0.57
PRJEB12357,ERR1297792,Fecal,884,1.3,376114,0.47
PRJEB12357,ERR1297775,Fecal,322,1.7,147268,0.73
PRJEB12357,ERR1297843,Fecal,907,1.29,411955,0.43
PRJEB12357,ERR1297788,Fecal,502,1.24,223312,0.43
PRJEB12357,ERR1297809,Fecal,1569,2.35,856672,1.11
PRJEB12357,ERR1297766,Fecal,871,2.46,413386,0.62
PRJEB12357,ERR1297805,Fecal,1873,1.89,878172,0.73
PRJEB12357,ERR1297765,Fecal,1087,1.4,519662,0.45
PRJEB12357,ERR1297822,Fecal,1398,2.31,709208,0.86
PRJEB12357,ERR1297835,Fecal,767,1.2,343742,0.38
PRJEB12357,ERR1297793,Fecal,380,2.41,183231,1.11
PRJEB12357,ERR1297756,Fecal,1501,2.29,838729,1.12
PRJEB12357,ERR1297786,Fecal,1109,2.08,517363,0.76
PRJEB12357,ERR1297839,Fecal,584,1.4,294484,0.45
PRJEB12357,ERR1297823,Fecal,994,1.95,492781,0.83
PRJEB12357,ERR1297785,Fecal,833,1.22,372375,0.35
PRJEB12357,ERR1297834,Fecal,749,1.58,354361,0.63
PRJEB12357,ERR1297778,Fecal,483,1.59,242464,0.55
PRJEB12357,ERR1297833,Fecal,186,1.03,86798,0.26
PRJEB12357,ERR1297807,Fecal,1072,1.67,523031,0.8
PRJEB12357,ERR1297777,Fecal,1400,2.4,703663,0.9
PRJEB12357,ERR1297769,Fecal,973,1.94,466263,0.56
PRJEB12357,ERR1297824,Fecal,808,1.25,361977,0.38
PRJEB12357,ERR1297767,Fecal,1404,1.85,659570,0.55
PRJEB12357,ERR1297780,Fecal,511,1.56,222657,0.58
PRJEB12357,ERR1297774,Fecal,1431,2.08,666818,0.82
PRJEB12357,ERR1297754,Fecal,1218,2.18,531857,0.7
PRJEB12357,ERR1297764,Fecal,513,1.92,245447,0.8
PRJEB12357,ERR1297829,Fecal,1281,2.08,564978,0.56
PRJEB12357,ERR1297831,Fecal,1088,2.22,508442,0.84
PRJEB12357,ERR1297837,Fecal,695,1.92,338535,0.75
PRJEB12357,ERR1297828,Fecal,453,2.08,204904,0.53
PRJEB12357,ERR1297796,Fecal,1221,2.21,583477,0.83
PRJEB12357,ERR1297841,Fecal,654,1.47,314292,0.61
PRJEB12357,ERR1297848,Fecal,159,0.9,75010,0.24
PRJEB12357,ERR1297844,Fecal,970,1.99,482953,0.85
PRJEB12357,ERR1297784,Fecal,246,1.23,109786,0.29
PRJEB12357,ERR1297847,Fecal,558,1.33,263104,0.42
PRJEB12357,ERR1297801,Fecal,1331,2.05,619134,0.83
PRJEB12357,ERR1297845,Fecal,1173,1.34,526714,0.41
PRJEB12357,ERR1297781,Fecal,1175,2.45,566641,1.06
PRJEB12357,ERR1297808,Fecal,495,1.4,256178,0.46
PRJEB12357,ERR1297760,Fecal,542,1.5,237382,0.54
PRJEB12357,ERR1297791,Fecal,325,1.59,134734,0.6
PRJEB12357,ERR1297821,Fecal,1208,1.91,598776,0.79
PRJEB12357,ERR1297817,Fecal,745,1.73,340670,0.68
PRJEB12357,ERR1297814,Fecal,688,2.27,326306,0.94
PRJEB12357,ERR1297757,Fecal,368,1.38,170664,0.57
PRJEB12357,ERR1297789,Fecal,552,1.16,226595,0.29
PRJEB12357,ERR1297846,Fecal,1573,2.29,768383,0.85
PRJEB12357,ERR1297816,Fecal,415,1.76,201721,0.65
PRJEB12357,ERR1297810,Fecal,1309,1.84,596089,0.55
PRJEB12357,ERR1297763,Fecal,369,1.58,179455,0.58
PRJEB12357,ERR1297795,Fecal,677,2.0,333756,0.8
PRJEB12357,ERR1297830,Fecal,578,1.56,256786,0.58
PRJEB12357,ERR1297827,Fecal,1104,2.21,497259,0.8
PRJEB12357,ERR1297838,Fecal,871,2.43,405547,0.6
PRJEB12357,ERR1297850,Fecal,711,1.27,330498,0.45
PRJEB12357,ERR1297852,Fecal,1098,1.85,536575,0.79
PRJEB12357,ERR1297755,Fecal,1512,2.14,720287,0.84
PRJEB12357,ERR1297770,Fecal,926,1.12,422360,0.38
PRJEB12357,ERR1297849,Fecal,722,1.94,340825,0.64
PRJEB12357,ERR1297776,Fecal,549,1.38,246672,0.5
PRJEB12357,ERR1297811,Fecal,628,1.65,295196,0.68
PRJEB12357,ERR1297773,Fecal,1355,2.44,638474,0.94
PRJEB12357,ERR1297832,Fecal,379,1.81,166786,0.46
PRJEB12357,ERR1297779,Fecal,412,2.02,183977,0.84
PRJEB12357,ERR1297798,Fecal,471,1.21,225881,0.39
PRJEB12357,ERR1297790,Fecal,1251,2.09,568280,0.69
PRJEB12357,ERR1297759,Fecal,532,1.34,281134,0.47
PRJEB12357,ERR1297813,Fecal,646,1.85,316506,0.57
PRJEB12357,ERR1297797,Fecal,1560,2.55,748912,0.94
PRJEB12357,ERR1297802,Fecal,971,2.13,443880,0.8
PRJEB12357,ERR1297836,Fecal,1544,2.57,735554,0.96
PRJEB12357,ERR1297820,Fecal,847,1.29,364087,0.47
PRJEB12357,ERR1297761,Fecal,416,1.99,188823,0.84
PRJEB12357,ERR1297799,Fecal,526,1.61,235118,0.48
PRJEB12357,ERR1297794,Fecal,1148,1.78,564356,0.58
PRJEB12357,ERR1297818,Fecal,633,1.22,263193,0.31
PRJEB12357,ERR1297842,Fecal,293,2.33,130069,1.07
PRJEB12357,ERR1297772,Fecal,1865,2.29,888145,0.9
PRJEB12357,ERR1297762,Fecal,184,2.06,89608,0.59
PRJEB12357,ERR1297815,Fecal,482,1.39,237423,0.43
PRJEB12357,ERR1297768,Fecal,614,1.21,253940,0.3
PRJEB12357,ERR1297825,Fecal,419,2.43,202732,1.06
PRJEB12357,ERR1297803,Fecal,968,1.91,489117,0.82
PRJEB12357,ERR1297812,Fecal,1225,2.07,545462,0.56
PRJEB14383,ERR1474607,Saliva,1730,14.98,843754,12.68
PRJEB14383,ERR1474576,Saliva,1321,4.64,610990,3.67
PRJEB14383,ERR1474584,Saliva,4406,4.92,2536641,3.62
PRJEB14383,ERR1474606,Saliva,1241,2.91,597865,1.92
PRJEB14383,ERR1474574,Saliva,472,3.17,241692,2.98
PRJEB14383,ERR1474569,Saliva,3141,5.06,1527886,3.31
PRJEB14383,ERR1474566,Saliva,3739,4.74,1816336,2.81
PRJEB14383,ERR1474573,Saliva,465,2.29,215834,1.72
PRJEB14383,ERR1474581,Saliva,712,3.09,311509,1.89
PRJEB14383,ERR1474564,Saliva,2253,4.18,1207226,2.54
PRJEB14383,ERR1474580,Saliva,9853,4.93,4818239,3.09
PRJEB14383,ERR1474575,Saliva,5044,5.15,2393570,2.98
PRJEB14383,ERR1474587,Saliva,7659,5.38,3818069,3.01
PRJEB14383,ERR1474583,Saliva,4343,6.22,2243871,4.28
PRJEB14383,ERR1474577,Saliva,3090,5.41,1548060,2.92
PRJEB14383,ERR1474609,Saliva,1503,4.17,719182,3.44
PRJEB14383,ERR1474578,Saliva,1040,3.19,456293,1.85
PRJEB14383,ERR1474585,Saliva,6484,5.0,3566831,2.87
PRJEB14383,ERR1474570,Saliva,4814,4.51,2703698,2.29
PRJEB14383,ERR1474586,Saliva,4699,4.59,2598792,2.2
PRJEB14383,ERR1474608,Saliva,4675,4.6,2610200,2.29
PRJEB14383,ERR1474610,Saliva,1864,3.66,842883,2.1
PRJEB14383,ERR1474571,Saliva,3581,4.64,2392195,3.15
PRJEB14383,ERR1474565,Saliva,4136,6.04,2228877,3.95
PRJEB14383,ERR1474572,Saliva,466,2.96,192332,2.4
PRJEB14383,ERR1474582,Saliva,3648,6.1,1931485,4.1
PRJEB14383,ERR1474612,Saliva,5631,4.07,3316878,2.25
PRJEB14383,ERR1474568,Saliva,5973,4.21,3524480,2.14
PRJEB14383,ERR1474567,Saliva,2706,5.06,1378522,3.18
PRJEB14383,ERR1474579,Saliva,5873,6.46,2899456,4.39
PRJEB8094,ERR719444,Fecal,993,2.65,462585,1.11
PRJEB8094,ERR719911,Fecal,461,1.09,195812,0.42
PRJEB8094,ERR719363,Fecal,262,1.15,123694,0.29
PRJEB8094,ERR719927,Fecal,449,1.55,201503,0.44
PRJEB8094,ERR719447,Fecal,1055,2.81,484993,1.17
PRJEB8094,ERR719362,Fecal,283,1.23,133884,0.31
PRJEB8094,ERR719378,Fecal,758,2.01,328748,0.83
PRJEB8094,ERR719367,Fecal,256,1.13,114905,0.27
PRJEB8094,ERR719898,Fecal,281,1.24,131679,0.3
PRJEB8094,ERR719388,Fecal,751,2.01,321648,0.82
PRJEB8094,ERR719859,Fecal,674,1.8,325676,0.73
PRJEB8094,ERR719925,Fecal,571,1.79,256138,0.48
PRJEB8094,ERR719432,Fecal,544,2.12,242418,0.99
PRJEB8094,ERR719427,Fecal,688,2.13,303360,0.99
PRJEB8094,ERR719387,Fecal,756,1.99,322406,0.8
PRJEB8094,ERR719837,Fecal,279,0.69,126272,0.25
PRJEB8094,ERR719849,Fecal,740,1.76,343887,0.67
PRJEB8094,ERR719863,Fecal,759,1.85,352928,0.72
PRJEB8094,ERR719924,Fecal,515,1.65,231978,0.46
PRJEB8094,ERR719906,Fecal,498,1.06,225310,0.42
PRJEB8094,ERR719899,Fecal,285,1.29,134959,0.31
PRJEB8094,ERR719858,Fecal,694,1.73,329467,0.67
PRJEB8094,ERR719403,Fecal,494,2.27,212752,0.96
PRJEB8094,ERR719418,Fecal,803,2.37,348954,1.09
PRJEB8094,ERR719381,Fecal,708,1.91,301057,0.8
PRJEB8094,ERR719417,Fecal,686,2.04,307207,0.95
PRJEB8094,ERR719425,Fecal,717,2.18,311687,1.0
PRJEB8094,ERR719830,Fecal,286,0.7,124785,0.24
PRJEB8094,ERR719879,Fecal,730,2.07,317286,0.72
PRJEB8094,ERR719932,Fecal,858,2.56,392103,0.76
PRJEB8094,ERR719404,Fecal,531,2.32,226127,0.97
PRJEB8094,ERR719881,Fecal,231,1.62,104429,0.82
PRJEB8094,ERR719382,Fecal,726,1.95,310522,0.79
PRJEB8094,ERR719413,Fecal,528,2.22,234044,0.96
PRJEB8094,ERR719852,Fecal,735,1.75,357247,0.7
PRJEB8094,ERR719379,Fecal,696,1.85,291011,0.74
PRJEB8094,ERR719455,Fecal,1014,2.83,465588,1.15
PRJEB8094,ERR719057,Fecal,32,0.45,14416,0.07
PRJEB8094,ERR719875,Fecal,662,1.98,288174,0.69
PRJEB8094,ERR719406,Fecal,647,2.28,285212,0.99
PRJEB8094,ERR719408,Fecal,600,2.13,263528,0.92
PRJEB8094,ERR719393,Fecal,674,1.92,279129,0.76
PRJEB8094,ERR719865,Fecal,692,1.74,332719,0.69
PRJEB8094,ERR719867,Fecal,268,1.65,117952,0.65
PRJEB8094,ERR719907,Fecal,517,1.11,235802,0.43
PRJEB8094,ERR719887,Fecal,272,1.19,124260,0.28
PRJEB8094,ERR719877,Fecal,706,2.09,309613,0.73
PRJEB8094,ERR719380,Fecal,689,1.86,296879,0.77
PRJEB8094,ERR719870,Fecal,737,2.04,317582,0.72
PRJEB8094,ERR719934,Fecal,833,2.51,383005,0.74
PRJEB8094,ERR719909,Fecal,467,1.02,198708,0.38
PRJEB8094,ERR719921,Fecal,533,1.7,239094,0.46
PRJEB8094,ERR719831,Fecal,320,0.79,137317,0.27
PRJEB8094,ERR719395,Fecal,676,1.91,288601,0.75
PRJEB8094,ERR719376,Fecal,732,1.96,321683,0.83
PRJEB8094,ERR719866,Fecal,577,1.7,264871,0.66
PRJEB8094,ERR719882,Fecal,288,1.3,136078,0.3
PRJEB8094,ERR719843,Fecal,258,0.66,115984,0.25
PRJEB8094,ERR719869,Fecal,746,2.05,319856,0.73
PRJEB8094,ERR719394,Fecal,658,1.9,286280,0.79
PRJEB8094,ERR719407,Fecal,622,2.22,264583,0.93
PRJEB8094,ERR719931,Fecal,884,2.63,401387,0.77
PRJEB8094,ERR719385,Fecal,671,1.82,289928,0.77
PRJEB8094,ERR719889,Fecal,266,1.18,124513,0.27
PRJEB8094,ERR719401,Fecal,610,2.17,268635,0.95
PRJEB8094,ERR719414,Fecal,623,2.19,272576,0.93
PRJEB8094,ERR719861,Fecal,714,1.77,337879,0.68
PRJEB8094,ERR719397,Fecal,591,1.76,245254,0.7
PRJEB8094,ERR719857,Fecal,713,1.76,335402,0.68
PRJEB8094,ERR719878,Fecal,775,2.24,334963,0.79
PRJEB8094,ERR719864,Fecal,698,1.68,339362,0.67
PRJEB8094,ERR719933,Fecal,833,2.47,399219,0.77
PRJEB8094,ERR719892,Fecal,287,1.27,128841,0.29
PRJEB8094,ERR719410,Fecal,582,2.29,255564,0.98
PRJEB8094,ERR719926,Fecal,510,1.66,224497,0.44
PRJEB8094,ERR719436,Fecal,672,2.14,300000,1.01
PRJEB8094,ERR719894,Fecal,276,1.24,132271,0.31
PRJEB8094,ERR719829,Fecal,260,0.99,114277,0.28
PRJEB8094,ERR719411,Fecal,483,2.2,208262,0.92
PRJEB8094,ERR719872,Fecal,735,2.04,316688,0.72
PRJEB8094,ERR719854,Fecal,712,1.71,340875,0.67
PRJEB8094,ERR719370,Fecal,254,1.12,119826,0.28
PRJEB8094,ERR719868,Fecal,787,2.16,342403,0.76
PRJEB8094,ERR719368,Fecal,245,1.1,117110,0.28
PRJEB8094,ERR719449,Fecal,1074,2.88,495223,1.18
PRJEB8094,ERR719896,Fecal,250,1.14,122026,0.29
PRJEB8094,ERR719437,Fecal,496,2.52,212044,1.13
PRJEB8094,ERR719383,Fecal,757,2.0,325487,0.81
PRJEB8094,ERR719450,Fecal,1027,2.84,471243,1.19
PRJEB8094,ERR719439,Fecal,1085,2.84,486150,1.14
PRJEB8094,ERR719828,Fecal,358,1.26,167473,0.35
PRJEB8094,ERR719880,Fecal,590,2.0,254320,0.68
PRJEB8094,ERR719445,Fecal,1079,2.79,494084,1.14
PRJEB8094,ERR719922,Fecal,490,1.67,220464,0.47
PRJEB8094,ERR719428,Fecal,674,2.12,304946,1.01
PRJEB8094,ERR719888,Fecal,282,1.23,137039,0.3
PRJEB8094,ERR719923,Fecal,559,1.72,255918,0.48
PRJEB8094,ERR719871,Fecal,786,2.14,343331,0.77
PRJEB8094,ERR719902,Fecal,504,1.06,221831,0.39
PRJEB8094,ERR719433,Fecal,550,2.29,244251,1.06
PRJNA264728,SRR1636507,Saliva,186,0.7,85670,0.42
PRJNA264728,SRR1635884,Saliva,88,0.55,39201,0.32
PRJNA264728,SRR1635854,Saliva,83,0.54,38581,0.33
PRJNA264728,SRR1634039,Saliva,86,0.59,37864,0.35
PRJNA264728,SRR1635870,Saliva,99,0.67,42898,0.38
PRJNA264728,SRR1636506,Saliva,145,0.64,63439,0.4
PRJNA264728,SRR1635864,Saliva,163,0.65,70949,0.39
PRJNA264728,SRR1634036,Saliva,90,0.62,40129,0.37
PRJEB21827,ERR2036074,Human,86,0.48,48637,0.14
PRJEB21827,ERR2036068,Human,121,0.49,69420,0.17
PRJEB21827,ERR2036075,Human,107,0.51,63368,0.17
PRJEB21827,ERR2036077,Human,136,0.58,75285,0.18
PRJEB21827,ERR2036072,Human,137,0.45,77604,0.21
PRJEB21827,ERR2036070,Human,183,0.7,102305,0.22
PRJEB21827,ERR2036076,Human,103,0.54,58787,0.17
PRJEB21827,ERR2036066,Human,114,0.47,60831,0.17
PRJEB21827,ERR2036071,Human,60,0.35,33614,0.12
PRJEB21827,ERR2036073,Human,202,0.56,126493,0.2
PRJEB21827,ERR2036067,Human,89,0.41,51805,0.16
PRJEB21827,ERR2036069,Human,156,0.55,92535,0.2
PRJEB6542,ERR537006,Fecal,1360,1.84,734458,0.41
PRJEB6542,ERR537007,Fecal,1179,1.86,644792,0.43
PRJEB6542,ERR537009,Fecal,2919,2.63,1660213,0.74
PRJEB6542,ERR537012,Fecal,2695,2.48,1493113,0.68
PRJEB6542,ERR537011,Fecal,2641,2.43,1461520,0.66
PRJEB6542,ERR537010,Fecal,2818,2.58,1609087,0.73
PRJEB6542,ERR537008,Fecal,1191,1.89,635552,0.43
PRJEB6542,ERR537005,Fecal,1386,1.85,737487,0.41
PRJEB5761,ERR451742,Fecal,0,0.0,0,0.0
PRJEB5761,ERR451702,Fecal,0,0.0,0,0.0
PRJEB5761,ERR451762,Fecal,0,0.0,0,0.0
PRJEB5761,ERR451721,Fecal,0,0.0,0,0.0
PRJEB5761,ERR451700,Fecal,0,0.0,0,0.0
PRJEB5761,ERR451758,Fecal,0,0.0,0,0.0
PRJEB5761,ERR451748,Fecal,0,0.0,0,0.0
PRJEB5761,ERR451703,Fecal,0,0.0,0,0.0
PRJEB5761,ERR451760,Fecal,0,0.0,0,0.0
PRJEB5761,ERR451731,Fecal,0,0.0,0,0.0
PRJEB5761,ERR451750,Fecal,0,0.0,0,0.0
PRJEB5761,ERR451763,Fecal,0,0.0,0,0.0
PRJEB5761,ERR451746,Fecal,0,0.0,0,0.0
PRJEB5761,ERR451738,Fecal,0,0.0,0,0.0
PRJEB5761,ERR451771,Fecal,0,0.0,0,0.0
PRJEB5761,ERR451707,Fecal,0,0.0,0,0.0
PRJEB5761,ERR451712,Fecal,0,0.0,0,0.0
PRJEB5761,ERR451743,Fecal,0,0.0,0,0.0
PRJEB5761,ERR451704,Fecal,0,0.0,0,0.0
PRJEB5761,ERR451723,Fecal,0,0.0,0,0.0
PRJEB5761,ERR451745,Fecal,0,0.0,0,0.0
PRJEB5761,ERR451709,Fecal,0,0.0,0,0.0
PRJEB5761,ERR451755,Fecal,0,0.0,0,0.0
PRJEB5761,ERR451722,Fecal,0,0.0,0,0.0
PRJEB5761,ERR451753,Fecal,0,0.0,0,0.0
PRJEB5761,ERR451735,Fecal,0,0.0,0,0.0
PRJEB5761,ERR451734,Fecal,0,0.0,0,0.0
PRJEB5761,ERR451766,Fecal,0,0.0,0,0.0
PRJEB5761,ERR451697,Fecal,0,0.0,0,0.0
PRJEB5761,ERR451741,Fecal,0,0.0,0,0.0
PRJEB5761,ERR451726,Fecal,0,0.0,0,0.0
PRJEB5761,ERR451729,Fecal,0,0.0,0,0.0
PRJEB5761,ERR451754,Fecal,0,0.0,0,0.0
PRJEB5761,ERR451773,Fecal,0,0.0,0,0.0
PRJEB5761,ERR451699,Fecal,0,0.0,0,0.0
PRJEB5761,ERR451737,Fecal,0,0.0,0,0.0
PRJEB5761,ERR451770,Fecal,0,0.0,0,0.0
PRJEB5761,ERR451727,Fecal,0,0.0,0,0.0
PRJEB5761,ERR451698,Fecal,0,0.0,0,0.0
PRJEB5761,ERR451757,Fecal,0,0.0,0,0.0
PRJEB5761,ERR451716,Fecal,0,0.0,0,0.0
PRJEB5761,ERR451718,Fecal,0,0.0,0,0.0
PRJEB5761,ERR451759,Fecal,0,0.0,0,0.0
PRJEB5761,ERR451713,Fecal,0,0.0,0,0.0
PRJEB5761,ERR451715,Fecal,0,0.0,0,0.0
PRJEB5761,ERR451736,Fecal,0,0.0,0,0.0
PRJEB5761,ERR451725,Fecal,0,0.0,0,0.0
PRJEB5761,ERR451768,Fecal,0,0.0,0,0.0
PRJEB5761,ERR451756,Fecal,0,0.0,0,0.0
PRJEB5761,ERR451708,Fecal,0,0.0,0,0.0
PRJEB5761,ERR451767,Fecal,0,0.0,0,0.0
PRJEB5761,ERR451732,Fecal,0,0.0,0,0.0
PRJEB5761,ERR451761,Fecal,0,0.0,0,0.0
PRJEB5761,ERR451719,Fecal,0,0.0,0,0.0
PRJEB5761,ERR451751,Fecal,0,0.0,0,0.0
PRJEB5761,ERR451711,Fecal,0,0.0,0,0.0
PRJEB5761,ERR451769,Fecal,0,0.0,0,0.0
PRJEB5761,ERR451730,Fecal,0,0.0,0,0.0
PRJEB5761,ERR451772,Fecal,0,0.0,0,0.0
PRJEB5761,ERR451717,Fecal,0,0.0,0,0.0
PRJEB5761,ERR451749,Fecal,0,0.0,0,0.0
PRJEB5761,ERR451710,Fecal,0,0.0,0,0.0
PRJEB5761,ERR451724,Fecal,0,0.0,0,0.0
PRJEB5761,ERR451744,Fecal,0,0.0,0,0.0
PRJEB5761,ERR451705,Fecal,0,0.0,0,0.0
PRJEB5761,ERR451693,Fecal,0,0.0,0,0.0
PRJEB5761,ERR451752,Fecal,0,0.0,0,0.0
PRJEB5761,ERR451720,Fecal,0,0.0,0,0.0
PRJEB5761,ERR451733,Fecal,0,0.0,0,0.0
PRJEB5761,ERR451706,Fecal,0,0.0,0,0.0
PRJEB5761,ERR451695,Fecal,0,0.0,0,0.0
PRJEB5761,ERR451764,Fecal,0,0.0,0,0.0
PRJEB5761,ERR451739,Fecal,0,0.0,0,0.0
PRJEB5761,ERR451696,Fecal,0,0.0,0,0.0
PRJEB5761,ERR451740,Fecal,0,0.0,0,0.0
PRJEB5761,ERR451701,Fecal,0,0.0,0,0.0
PRJEB5761,ERR451765,Fecal,0,0.0,0,0.0
PRJEB5761,ERR451728,Fecal,0,0.0,0,0.0
PRJEB5761,ERR451714,Fecal,0,0.0,0,0.0
PRJEB5761,ERR451747,Fecal,0,0.0,0,0.0
PRJEB5761,ERR451694,Fecal,0,0.0,0,0.0
PRJEB10133,ERR981249,Skin,264,4.45,104484,1.91
PRJEB10133,ERR981247,Skin,798,4.76,348984,2.59
PRJEB10133,ERR981254,Skin,17,0.53,5682,0.38
PRJEB10133,ERR981245,Skin,2,0.08,645,0.04
PRJEB10133,ERR981251,Skin,188,1.32,80679,0.97
PRJEB10133,ERR981252,Skin,9,0.49,3907,0.47
PRJEB10133,ERR981248,Skin,2,2.63,609,1.81
PRJEB10133,ERR981253,Skin,0,0.0,0,0.0
PRJEB10133,ERR981246,Skin,28,14.89,9988,11.05
PRJEB10133,ERR981250,Skin,1,2.04,318,1.41
PRJEB23207,ERR2270938,Fecal,104,0.45,62713,0.16
PRJEB23207,ERR2270941,Fecal,657,0.95,360289,0.35
PRJEB23207,ERR2271237,Fecal,381,0.6,196434,0.22
PRJEB23207,ERR2271236,Fecal,277,1.04,181365,0.28
PRJEB23207,ERR2270939,Fecal,46,0.25,26630,0.09
PRJEB23207,ERR2270961,Fecal,173,0.75,104652,0.23
PRJEB23207,ERR2270960,Fecal,62,0.45,39339,0.09
PRJEB23207,ERR2271042,Fecal,165,0.54,92538,0.18
PRJEB23207,ERR2270940,Fecal,107,0.49,57490,0.15
PRJEB23207,ERR2270962,Fecal,52,0.32,29056,0.11
PRJEB23207,ERR2271043,Fecal,890,1.63,547169,0.65
PRJEB10865,ERR1017172,Fecal,0,0.0,0,0.0
PRJEB10865,ERR1017173,Fecal,0,0.0,0,0.0
PRJEB20877,ERR1989829,Pulmonary system,7,1.52,2913,1.41
PRJEB20877,ERR1989828,Pulmonary system,469,4.2,203887,1.33
PRJEB19090,ERR1809130,Fecal,213,1.03,103643,0.36
PRJEB19090,ERR1809142,Fecal,207,0.88,98930,0.4
PRJEB19090,ERR1809128,Fecal,190,0.93,94110,0.34
PRJEB19090,ERR1809119,Fecal,362,1.08,149836,0.41
PRJEB19090,ERR1809151,Fecal,44,0.58,19049,0.19
PRJEB19090,ERR1809139,Fecal,542,1.64,229507,0.72
PRJEB19090,ERR1809121,Fecal,364,1.06,150470,0.4
PRJEB19090,ERR1809149,Fecal,83,0.95,36954,0.27
PRJEB19090,ERR1809152,Fecal,26,0.48,10324,0.12
PRJEB19090,ERR1809124,Fecal,51,0.67,19923,0.41
PRJEB19090,ERR1809148,Fecal,809,2.48,390096,1.22
PRJEB19090,ERR1809122,Fecal,320,0.96,135058,0.38
PRJEB19090,ERR1809120,Fecal,359,1.1,149034,0.43
PRJEB19090,ERR1809150,Fecal,23,0.21,10614,0.12
PRJEB19090,ERR1809137,Fecal,172,1.26,80342,0.33
PRJEB19090,ERR1809147,Fecal,94,2.23,52722,1.36
PRJEB19090,ERR1809134,Fecal,179,0.99,80832,0.26
PRJEB19090,ERR1809125,Fecal,311,1.02,138481,0.41
PRJEB19090,ERR1809155,Fecal,214,1.79,117483,0.81
PRJEB19090,ERR1809144,Fecal,203,0.86,93599,0.37
PRJEB19090,ERR1809138,Fecal,550,1.67,234544,0.74
PRJEB19090,ERR1809153,Fecal,174,1.42,88940,0.41
PRJEB19090,ERR1809136,Fecal,166,0.84,75720,0.23
PRJEB19090,ERR1809146,Fecal,351,1.76,163584,0.72
PRJEB19090,ERR1809143,Fecal,206,0.87,98042,0.39
PRJEB19090,ERR1809154,Fecal,214,1.16,91027,0.72
PRJEB19090,ERR1809140,Fecal,316,1.3,134208,0.6
PRJEB19090,ERR1809123,Fecal,361,1.06,150353,0.41
PRJEB19090,ERR1809145,Fecal,378,1.87,174507,0.77
PRJEB19090,ERR1809156,Fecal,86,0.67,57844,0.33
PRJEB19090,ERR1809135,Fecal,196,0.96,90967,0.28
PRJEB19090,ERR1809133,Fecal,168,0.86,76920,0.24
PRJEB19090,ERR1809141,Fecal,209,0.86,97999,0.38
PRJEB19090,ERR1809131,Fecal,218,1.08,103009,0.37
PRJEB19090,ERR1809129,Fecal,186,0.97,94418,0.35
PRJEB19090,ERR1809132,Fecal,204,1.28,102807,0.43
PRJEB19090,ERR1809126,Fecal,288,0.96,127858,0.38
PRJEB14539,ERR1466399,Sputum,0,0.0,0,0.0
PRJEB6092,ERR505085,Fecal,5371,3.85,2928927,1.11
PRJEB6092,ERR505103,Fecal,871,1.51,425962,0.32
PRJEB6092,ERR505101,Fecal,1485,1.74,846266,0.56
PRJEB6092,ERR505083,Fecal,5887,5.12,3215735,1.44
PRJEB6092,ERR505106,Fecal,3671,3.41,1908244,1.0
PRJEB6092,ERR505091,Fecal,1463,1.55,681541,0.42
PRJEB6092,ERR505090,Fecal,2856,2.67,1443144,0.73
PRJEB6092,ERR505097,Fecal,2691,2.72,1358273,0.88
PRJEB6092,ERR505105,Fecal,3675,2.95,1959914,0.87
PRJEB6092,ERR505100,Fecal,2646,3.54,1608663,1.15
PRJEB6092,ERR505092,Fecal,2062,2.4,1090629,0.74
PRJEB6092,ERR505099,Fecal,1445,1.99,863409,0.61
PRJEB6092,ERR505086,Fecal,4946,3.83,2684543,1.14
PRJEB6092,ERR505093,Fecal,2212,2.34,1051418,0.54
PRJEB6092,ERR505084,Fecal,7740,6.44,5152650,1.95
PRJEB6092,ERR505102,Fecal,1941,2.49,955506,0.73
PRJEB6092,ERR505089,Fecal,3547,2.82,1755852,0.8
PRJEB6092,ERR505095,Fecal,1984,2.69,1067057,1.0
PRJEB6092,ERR505088,Fecal,4644,3.21,2225520,0.88
PRJEB6092,ERR505098,Fecal,3360,3.17,1963450,1.16
PRJEB6092,ERR505087,Fecal,1901,2.24,906245,0.53
PRJEB6092,ERR505104,Fecal,1147,2.13,594989,0.56
PRJEB6092,ERR505096,Fecal,1751,3.35,975101,1.29
PRJEB6092,ERR505094,Fecal,2701,3.1,1357415,0.74
PRJEB14935,ERR1549323,Fecal,0,0.0,0,0.0
PRJEB14935,ERR1549321,Fecal,2,0.09,628,0.0
PRJEB14935,ERR1549320,Fecal,6,0.15,2344,0.02
PRJEB12998,ERR1307207,Oral,62,5.03,47748,0.43
PRJEB18265,ERR1744180,Fecal,1091,1.28,530328,0.5
PRJEB18265,ERR1744181,Fecal,581,1.01,323713,0.35
PRJEB18265,ERR1744182,Fecal,0,0.0,0,0.0
PRJEB18265,ERR1744189,Fecal,3088,2.75,1611412,0.81
PRJEB18265,ERR1744187,Fecal,1627,1.69,796391,0.45
PRJEB18265,ERR1744184,Fecal,4705,3.55,2527541,1.15
PRJEB18265,ERR1744183,Fecal,258,0.62,142210,0.18
PRJEB18265,ERR1744186,Fecal,1822,1.99,900187,0.67
PRJEB18265,ERR1744185,Fecal,288,0.64,136445,0.15
PRJEB18265,ERR1744188,Fecal,2990,3.4,1555186,1.14
PRJEB21816,ERR2043665,Circulatory system,0,0.0,0,0.0
PRJEB7331,ERR634991,Fecal,1055,2.99,465328,0.6
PRJEB7331,ERR634987,Fecal,333,3.44,178709,0.26
PRJEB7331,ERR634983,Fecal,971,1.17,450981,0.25
PRJEB7331,ERR634978,Fecal,203,1.61,100858,0.16
PRJEB7331,ERR634986,Fecal,804,1.21,353731,0.22
PRJEB7331,ERR634976,Fecal,1918,2.36,890334,0.51
PRJEB7331,ERR634980,Fecal,529,1.11,227743,0.19
PRJEB7331,ERR634992,Fecal,433,1.11,192183,0.2
PRJEB7331,ERR634973,Fecal,2522,2.07,1239099,0.44
PRJEB7331,ERR634971,Fecal,4560,3.38,2166707,0.91
PRJEB7331,ERR634993,Fecal,232,3.71,134490,0.41
PRJEB7331,ERR634972,Fecal,869,1.25,398879,0.23
PRJEB7331,ERR634989,Fecal,526,1.1,229532,0.15
PRJEB7331,ERR634975,Fecal,2563,3.29,1251326,0.56
PRJEB7331,ERR634990,Fecal,632,1.81,274086,0.25
PRJEB7331,ERR634982,Fecal,260,1.12,113390,0.16
PRJEB7331,ERR634979,Fecal,572,2.77,246513,0.51
PRJEB7331,ERR634974,Fecal,874,1.39,358229,0.21
PRJEB7331,ERR634981,Fecal,105,0.87,42572,0.05
PRJEB7331,ERR634988,Fecal,665,3.44,306876,0.45
PRJEB7331,ERR634985,Fecal,52,1.73,22149,0.16
PRJEB7331,ERR634977,Fecal,1174,1.42,546935,0.27
PRJEB7331,ERR634994,Fecal,944,2.23,433361,0.37
PRJEB7331,ERR634984,Fecal,75,2.45,40778,0.16
PRJEB24753,ERR2278753,Circulatory system,0,0.0,0,0.0
PRJEB24753,ERR2278752,Circulatory system,0,0.0,0,0.0
PRJEB7248,ERR598793,Lung,0,0.0,0,0.0
PRJEB7248,ERR598795,Lung,98,0.68,49185,0.3
PRJEB7248,ERR598789,Lung,18,0.92,9041,0.84
PRJEB7248,ERR598788,Lung,44,1.75,20397,1.36
PRJEB7248,ERR598791,Lung,0,0.0,0,0.0
PRJEB7248,ERR598792,Lung,131,2.02,76636,1.37
PRJEB7248,ERR598794,Lung,510,2.21,259327,1.21
PRJEB7248,ERR598790,Lung,0,0.0,0,0.0
PRJNA230363,SRR2037091,Oral,2318,4.4,1192238,3.37
PRJNA230363,SRR2034640,Oral,1048,2.23,555542,1.43
PRJNA230363,SRR2037090,Oral,3629,3.18,2151054,1.6
PRJNA230363,SRR2037084,Oral,2696,23.54,1567785,11.65
PRJNA230363,SRR1044032,Oral,1339,3.95,571850,2.77
PRJNA230363,SRR2037089,Oral,3720,3.28,2195696,1.66
PRJNA230363,SRR1045097,Oral,1482,1.93,671545,1.0
PRJNA230363,SRR1044006,Oral,2248,2.76,1039964,1.3
PRJNA230363,SRR2034638,Oral,763,2.22,369311,1.47
PRJNA230363,SRR1045100,Oral,152,2.47,62460,1.2
PRJNA230363,SRR1045092,Oral,996,3.04,443074,1.52
PRJNA230363,SRR1044034,Oral,731,3.01,329333,1.98
PRJNA230363,SRR2037087,Oral,1817,4.37,914556,3.51
PRJNA230363,SRR2037083,Oral,4766,19.5,2964461,10.93
PRJNA230363,SRR1044017,Oral,615,2.19,258771,1.41
PRJNA230363,SRR1045094,Oral,966,2.01,433352,1.23
PRJNA230363,SRR2034639,Oral,1661,2.11,736798,1.35
PRJNA230363,SRR1045096,Oral,1419,2.74,652122,1.65
PRJNA230363,SRR1045095,Oral,362,1.33,186129,0.65
PRJNA230363,SRR1044033,Oral,820,3.22,332939,1.98
PRJNA230363,SRR2037088,Oral,3039,3.49,1852473,2.28
PRJNA230363,SRR1045093,Oral,840,3.89,485410,1.38
PRJNA230363,SRR1044036,Oral,478,4.37,223438,4.21
PRJNA230363,SRR1044035,Oral,2263,4.84,1143966,3.34
PRJNA230363,SRR1045099,Oral,425,2.13,193036,1.03
PRJNA230363,SRR2037085,Oral,7203,6.47,4141649,4.02
PRJNA230363,SRR1045098,Oral,164,2.63,73874,1.27
PRJNA230363,SRR2034637,Oral,680,2.36,313636,1.69
PRJEB21446,ERR2014357,Vagina,4,0.31,1528,0.08
PRJEB21446,ERR2014389,Vagina,7,0.42,2866,0.11
PRJEB21446,ERR2014383,Vagina,239,1.36,114403,0.5
PRJEB21446,ERR2014378,Vagina,128,0.95,54795,0.42
PRJEB21446,ERR2014385,Vagina,2,1.27,1172,0.08
PRJEB21446,ERR2014372,Vagina,108,0.89,45090,0.32
PRJEB21446,ERR2014381,Vagina,16,0.52,6852,0.14
PRJEB21446,ERR2014368,Vagina,15,0.61,5795,0.17
PRJEB21446,ERR2014384,Vagina,1,0.51,368,0.03
PRJEB21446,ERR2014387,Vagina,3,0.8,1558,0.11
PRJEB21446,ERR2014376,Vagina,311,2.23,167497,1.12
PRJEB21446,ERR2014386,Vagina,5,1.95,1954,0.14
PRJEB21446,ERR2014362,Vagina,23,0.91,10956,0.38
PRJEB21446,ERR2014393,Vagina,144,1.27,62935,0.51
PRJEB21446,ERR2014379,Vagina,6,0.49,2055,0.07
PRJEB21446,ERR2014380,Vagina,41,0.98,19012,0.38
PRJEB21446,ERR2014359,Vagina,107,1.36,45965,0.5
PRJEB21446,ERR2014358,Vagina,186,1.3,81896,0.52
PRJEB21446,ERR2014371,Vagina,195,1.8,101038,0.68
PRJEB21446,ERR2014369,Vagina,30,0.76,14133,0.41
PRJEB21446,ERR2014360,Vagina,21,0.51,7714,0.11
PRJEB21446,ERR2014392,Vagina,201,1.87,94182,0.79
PRJEB21446,ERR2014390,Vagina,77,0.87,33239,0.37
PRJEB21446,ERR2014388,Vagina,270,1.26,134978,0.69
PRJEB21446,ERR2014366,Vagina,3,0.82,1073,0.08
PRJEB21446,ERR2014374,Vagina,250,2.03,120908,0.97
PRJEB21446,ERR2014354,Vagina,137,1.03,57896,0.37
PRJEB21446,ERR2014377,Vagina,34,0.99,12331,0.32
PRJEB21446,ERR2014382,Vagina,1,0.11,506,0.02
PRJEB21446,ERR2014356,Vagina,5,1.32,1986,0.15
PRJEB21446,ERR2014361,Vagina,305,1.41,129320,0.65
PRJEB21446,ERR2014373,Vagina,10,0.52,4881,0.16
PRJEB21446,ERR2014391,Vagina,68,0.74,30469,0.29
PRJEB21446,ERR2014365,Vagina,426,1.9,181200,0.79
PRJEB21446,ERR2014370,Vagina,140,1.3,70520,0.58
PRJEB21446,ERR2014363,Vagina,289,1.42,135132,0.75
PRJEB21446,ERR2014364,Vagina,288,1.56,150367,0.87
PRJEB21446,ERR2014375,Vagina,102,1.11,50004,0.45
PRJEB21446,ERR2014355,Vagina,2,0.22,881,0.08
PRJEB21446,ERR2014367,Vagina,199,0.9,87436,0.41
PRJEB11554,ERR1102739,Fecal,13,0.17,6709,0.02
PRJNA306560,SRR6364990,Saliva,0,0.0,0,0.0
PRJNA306560,SRR6365001,Saliva,0,0.0,0,0.0
PRJNA306560,SRR6364989,Saliva,0,0.0,0,0.0
PRJNA306560,SRR6364984,Saliva,0,0.0,0,0.0
PRJNA306560,SRR6364998,Saliva,0,0.0,0,0.0
PRJNA306560,SRR6365017,Saliva,0,0.0,0,0.0
PRJNA306560,SRR6365011,Saliva,0,0.0,0,0.0
PRJNA306560,SRR6365022,Saliva,0,0.0,0,0.0
PRJNA306560,SRR6365029,Saliva,0,0.0,0,0.0
PRJNA306560,SRR6365036,Saliva,0,0.0,0,0.0
PRJNA306560,SRR6365028,Saliva,0,0.0,0,0.0
PRJNA306560,SRR6364997,Saliva,0,0.0,0,0.0
PRJNA306560,SRR6365010,Saliva,0,0.0,0,0.0
PRJNA306560,SRR6365021,Saliva,0,0.0,0,0.0
PRJNA306560,SRR6365009,Saliva,0,0.0,0,0.0
PRJNA306560,SRR6365026,Saliva,0,0.0,0,0.0
PRJNA306560,SRR6365013,Saliva,0,0.0,0,0.0
PRJNA306560,SRR6365020,Saliva,0,0.0,0,0.0
PRJNA306560,SRR6365014,Saliva,0,0.0,0,0.0
PRJNA306560,SRR6365015,Saliva,0,0.0,0,0.0
PRJNA306560,SRR6365002,Saliva,0,0.0,0,0.0
PRJNA306560,SRR6364988,Saliva,0,0.0,0,0.0
PRJNA306560,SRR6365005,Saliva,0,0.0,0,0.0
PRJNA306560,SRR6364994,Saliva,0,0.0,0,0.0
PRJNA306560,SRR6364987,Saliva,0,0.0,0,0.0
PRJNA306560,SRR6365012,Saliva,0,0.0,0,0.0
PRJNA306560,SRR6364985,Saliva,0,0.0,0,0.0
PRJNA306560,SRR6365027,Saliva,0,0.0,0,0.0
PRJNA306560,SRR6364992,Saliva,0,0.0,0,0.0
PRJNA306560,SRR6365031,Saliva,0,0.0,0,0.0
PRJNA306560,SRR6365007,Saliva,0,0.0,0,0.0
PRJNA306560,SRR6364996,Saliva,0,0.0,0,0.0
PRJNA306560,SRR6365025,Saliva,0,0.0,0,0.0
PRJNA306560,SRR6365008,Saliva,0,0.0,0,0.0
PRJNA306560,SRR6365030,Saliva,0,0.0,0,0.0
PRJNA306560,SRR6365006,Saliva,0,0.0,0,0.0
PRJNA306560,SRR6364999,Saliva,0,0.0,0,0.0
PRJNA306560,SRR6364993,Saliva,0,0.0,0,0.0
PRJNA306560,SRR6364995,Saliva,0,0.0,0,0.0
PRJNA306560,SRR6365034,Saliva,0,0.0,0,0.0
PRJNA306560,SRR6365023,Saliva,0,0.0,0,0.0
PRJNA306560,SRR6364986,Saliva,0,0.0,0,0.0
PRJNA306560,SRR6365004,Saliva,0,0.0,0,0.0
PRJNA306560,SRR6365033,Saliva,0,0.0,0,0.0
PRJNA306560,SRR6365019,Saliva,0,0.0,0,0.0
PRJNA306560,SRR6365024,Saliva,0,0.0,0,0.0
PRJNA306560,SRR6365032,Saliva,0,0.0,0,0.0
PRJNA306560,SRR6365000,Saliva,0,0.0,0,0.0
PRJNA306560,SRR6365035,Saliva,0,0.0,0,0.0
PRJNA306560,SRR6364991,Saliva,0,0.0,0,0.0
PRJNA306560,SRR6365003,Saliva,0,0.0,0,0.0
PRJNA306560,SRR6365018,Saliva,0,0.0,0,0.0
PRJNA306560,SRR6365016,Saliva,0,0.0,0,0.0
PRJEB15257,ERR1600439,Fecal,18,0.25,8189,0.05
PRJEB15257,ERR1600437,Fecal,2,0.07,697,0.01
PRJEB15257,ERR1600434,Fecal,19,0.2,8696,0.04
PRJEB15257,ERR1600436,Fecal,3,0.06,1211,0.01
PRJEB15257,ERR1600440,Fecal,4,0.11,1834,0.01
PRJEB15257,ERR1600426,Fecal,4,0.19,2411,0.01
PRJEB15257,ERR1600428,Fecal,4,0.08,2129,0.01
PRJEB15257,ERR1600427,Fecal,32,0.22,15690,0.05
PRJEB15257,ERR1600438,Fecal,3,0.12,1431,0.01
PRJEB15257,ERR1600433,Fecal,56,0.37,24004,0.11
PRJEB15257,ERR1600435,Fecal,1,0.01,347,0.0
PRJEB15257,ERR1600432,Fecal,3,0.05,1402,0.01
PRJEB15257,ERR1600429,Fecal,7,0.22,3596,0.02
PRJEB15257,ERR1600430,Fecal,1,0.13,1971,0.01
PRJEB15257,ERR1600431,Fecal,1,0.1,311,0.0
PRJEB7949,ERR695614,Fecal,1963,1.63,842137,0.68
PRJEB7949,ERR695604,Fecal,1119,1.13,493793,0.33
PRJEB7949,ERR695637,Fecal,711,1.3,324425,0.4
PRJEB7949,ERR695629,Fecal,1700,1.8,792802,0.62
PRJEB7949,ERR695636,Fecal,729,1.35,334985,0.41
PRJEB7949,ERR695630,Fecal,1659,1.78,806711,0.61
PRJEB7949,ERR695612,Fecal,857,1.33,364849,0.65
PRJEB7949,ERR695610,Fecal,2835,2.37,1253101,0.84
PRJEB7949,ERR695628,Fecal,1749,1.86,791207,0.63
PRJEB7949,ERR695600,Fecal,2104,1.94,1001149,0.64
PRJEB7949,ERR695620,Fecal,6266,5.79,3191029,1.83
PRJEB7949,ERR695625,Fecal,544,1.13,247895,0.21
PRJEB7949,ERR695609,Fecal,1818,1.61,891332,0.5
PRJEB7949,ERR695608,Fecal,1957,1.67,958304,0.52
PRJEB7949,ERR695624,Fecal,613,1.24,283941,0.23
PRJEB7949,ERR695599,Fecal,2566,1.94,1199756,0.75
PRJEB7949,ERR695613,Fecal,812,1.3,352052,0.64
PRJEB7949,ERR695627,Fecal,3852,4.91,1878827,1.61
PRJEB7949,ERR695605,Fecal,1081,1.13,485980,0.33
PRJEB7949,ERR695623,Fecal,147,0.91,66024,0.16
PRJEB7949,ERR695634,Fecal,1781,3.0,828486,1.02
PRJEB7949,ERR695598,Fecal,2292,1.83,1061766,0.72
PRJEB7949,ERR695626,Fecal,3867,4.97,1875693,1.61
PRJEB7949,ERR695621,Fecal,5869,5.78,2996158,1.79
PRJEB7949,ERR695611,Fecal,2599,2.31,1166884,0.82
PRJEB7949,ERR695606,Fecal,1454,1.53,761070,0.63
PRJEB7949,ERR695631,Fecal,1676,1.78,802871,0.6
PRJEB7949,ERR695607,Fecal,1391,1.53,735767,0.63
PRJEB7949,ERR695618,Fecal,140,0.84,60337,0.15
PRJEB7949,ERR695615,Fecal,1857,1.61,785391,0.66
PRJEB7949,ERR695603,Fecal,1862,1.72,859054,0.62
PRJEB7949,ERR695619,Fecal,136,0.85,56803,0.15
PRJEB7949,ERR695632,Fecal,1584,1.47,693214,0.62
PRJEB7949,ERR695633,Fecal,1621,1.49,712293,0.64
PRJEB7949,ERR695617,Fecal,2250,1.79,981767,0.68
PRJEB7949,ERR695601,Fecal,2341,2.02,1103834,0.65
PRJEB7949,ERR695622,Fecal,178,1.05,75381,0.18
PRJEB7949,ERR695616,Fecal,2343,1.79,1015823,0.68
PRJEB7949,ERR695635,Fecal,1759,2.95,808559,0.99
PRJEB7949,ERR695602,Fecal,1952,1.7,898204,0.62
PRJNA384402,SRR5576430,Oral,0,0.0,0,0.0
PRJNA384402,SRR5576428,Oral,0,0.0,0,0.0
PRJNA384402,SRR5576434,Oral,0,0.0,0,0.0
PRJNA384402,SRR5576435,Oral,0,0.0,0,0.0
PRJNA384402,SRR5576426,Oral,0,0.0,0,0.0
PRJNA384402,SRR5576427,Oral,0,0.0,0,0.0
PRJNA384402,SRR5576433,Oral,0,0.0,0,0.0
PRJNA384402,SRR5576438,Oral,0,0.0,0,0.0
PRJNA384402,SRR5576425,Oral,0,0.0,0,0.0
PRJNA384402,SRR5576429,Oral,0,0.0,0,0.0
PRJNA384402,SRR5576441,Oral,0,0.0,0,0.0
PRJNA384402,SRR5576439,Oral,0,0.0,0,0.0
PRJNA384402,SRR5576436,Oral,0,0.0,0,0.0
PRJNA384402,SRR5576431,Oral,0,0.0,0,0.0
PRJNA384402,SRR5576437,Oral,0,0.0,0,0.0
PRJNA384402,SRR5576440,Oral,0,0.0,0,0.0
PRJNA384402,SRR5576432,Oral,0,0.0,0,0.0
PRJEB19367,ERR1823607,Fecal,1382,2.5,610539,0.78
PRJEB19367,ERR1823605,Fecal,880,1.88,408230,0.43
PRJEB19367,ERR1823587,Fecal,1612,1.79,727092,0.52
PRJEB19367,ERR1823600,Fecal,675,1.31,293484,0.48
PRJEB19367,ERR1823596,Fecal,1076,1.57,486838,0.49
PRJEB19367,ERR1823602,Fecal,888,1.91,379203,0.52
PRJEB19367,ERR1823597,Fecal,1454,1.95,645024,0.56
PRJEB19367,ERR1823610,Fecal,232,0.72,130079,0.2
PRJEB19367,ERR1823613,Fecal,57,0.69,31135,0.07
PRJEB19367,ERR1823598,Fecal,1753,3.49,767986,1.05
PRJEB19367,ERR1823603,Fecal,168,1.45,74097,0.17
PRJEB19367,ERR1823601,Fecal,320,0.76,135480,0.19
PRJEB19367,ERR1823608,Fecal,358,1.3,165622,0.39
PRJEB19367,ERR1823595,Fecal,3343,2.88,1539561,1.14
PRJEB19367,ERR1823611,Fecal,371,1.4,165267,0.51
PRJEB19367,ERR1823593,Fecal,1334,2.14,568962,0.52
PRJEB19367,ERR1823592,Fecal,3011,3.03,1380735,1.25
PRJEB19367,ERR1823606,Fecal,129,0.79,51521,0.11
PRJEB19367,ERR1823590,Fecal,684,1.52,296744,0.35
PRJEB19367,ERR1823599,Fecal,1848,2.13,798261,0.92
PRJEB19367,ERR1823612,Fecal,499,1.85,239763,0.49
PRJEB19367,ERR1823591,Fecal,2701,2.9,1227075,1.06
PRJEB19367,ERR1823609,Fecal,304,0.84,129423,0.27
PRJEB19367,ERR1823604,Fecal,741,1.55,344215,0.39
PRJEB19367,ERR1823614,Fecal,258,1.59,132438,0.31
PRJEB19367,ERR1823589,Fecal,494,0.86,238327,0.24
PRJEB19367,ERR1823588,Fecal,1141,1.81,540201,0.72
PRJEB19367,ERR1823594,Fecal,3609,2.89,1701736,1.13
PRJEB12831,ERR1681524,Oral,3469,7.79,1507336,5.52
PRJEB12831,ERR1681526,Oral,874,3.13,326283,2.85
PRJEB12831,ERR1681536,Oral,0,0.0,0,0.0
PRJEB12831,ERR1659116,Oral,579,3.52,208704,3.21
PRJEB12831,ERR1681529,Oral,1,14.29,363,15.2
PRJEB12831,ERR1681541,Oral,1017,4.02,402709,1.99
PRJEB12831,ERR1659120,Oral,1718,4.14,690579,3.01
PRJEB12831,ERR1681540,Oral,1302,9.78,497269,9.11
PRJEB12831,ERR1681538,Oral,1697,4.4,693221,3.12
PRJEB12831,ERR1659111,Oral,474,3.47,171800,3.13
PRJEB12831,ERR1659119,Oral,711,4.04,270883,3.52
PRJEB12831,ERR1659118,Oral,3238,4.45,1433640,2.8
PRJEB12831,ERR1681533,Oral,488,4.44,181002,4.15
PRJEB12831,ERR1681527,Oral,1925,4.08,811668,2.9
PRJEB12831,ERR1681530,Oral,1625,3.26,660443,2.68
PRJEB12831,ERR1659115,Oral,873,4.1,358667,2.88
PRJEB12831,ERR1681534,Oral,1485,4.38,618398,2.92
PRJEB12831,ERR1681539,Oral,0,0.0,0,0.0
PRJEB12831,ERR1659113,Oral,1699,4.84,697406,3.27
PRJEB12831,ERR1659112,Oral,651,6.11,268711,2.69
PRJEB12831,ERR1659117,Oral,896,3.69,366509,2.67
PRJEB12831,ERR1681532,Oral,1761,4.63,694024,3.69
PRJEB12831,ERR1681542,Oral,755,3.4,317444,2.69
PRJEB12831,ERR1681523,Oral,1624,8.49,682373,4.41
PRJEB12831,ERR1659110,Oral,966,4.16,391901,3.61
PRJEB12831,ERR1681535,Oral,615,3.45,251248,2.73
PRJEB12831,ERR1659114,Oral,1000,3.99,385106,3.49
PRJEB12831,ERR1681528,Oral,0,0.0,0,0.0
PRJEB12831,ERR1681525,Oral,132,2.26,47000,2.04
PRJEB12831,ERR1681531,Oral,117,3.62,42085,3.43
PRJEB12831,ERR1681537,Oral,1559,13.23,575935,12.7
PRJEB1775,ERR260489,Fecal,137,0.14,54093,0.06
PRJEB1775,ERR262952,Fecal,33,0.06,12801,0.02
PRJEB1775,ERR260483,Fecal,100,0.16,41111,0.07
PRJEB1775,ERR262940,Fecal,58,0.14,21830,0.03
PRJEB1775,ERR262943,Fecal,0,0.0,0,0.0
PRJEB1775,ERR262946,Fecal,59,0.08,27056,0.03
PRJEB1775,ERR260484,Fecal,59,0.09,23192,0.03
PRJEB1775,ERR260493,Fecal,162,0.14,66650,0.07
PRJEB1775,ERR262945,Fecal,65,0.16,23097,0.06
PRJEB1775,ERR260501,Fecal,61,0.09,23978,0.04
PRJEB1775,ERR262948,Fecal,104,0.13,39812,0.05
PRJEB1775,ERR260477,Fecal,40,0.09,15386,0.03
PRJEB1775,ERR260476,Fecal,45,0.16,17498,0.04
PRJEB1775,ERR260487,Fecal,60,0.16,23453,0.04
PRJEB1775,ERR260494,Fecal,144,0.15,57761,0.06
PRJEB1775,ERR262953,Fecal,93,0.22,37438,0.1
PRJEB1775,ERR262955,Fecal,0,0.0,0,0.0
PRJEB1775,ERR260488,Fecal,155,0.15,60388,0.07
PRJEB1775,ERR262957,Fecal,9,0.32,2933,0.24
PRJEB1775,ERR262941,Fecal,62,0.12,25006,0.03
PRJEB1775,ERR260504,Fecal,88,0.13,34234,0.07
PRJEB1775,ERR262944,Fecal,6,0.08,2538,0.03
PRJEB1775,ERR260479,Fecal,35,0.08,14621,0.03
PRJEB1775,ERR262938,Fecal,5,0.07,1702,0.05
PRJEB1775,ERR260490,Fecal,1,0.01,394,0.01
PRJEB1775,ERR262942,Fecal,95,0.14,38256,0.04
PRJEB1775,ERR260492,Fecal,62,0.16,23607,0.06
PRJEB1775,ERR260478,Fecal,2,0.02,762,0.01
PRJEB1775,ERR262954,Fecal,53,0.12,19892,0.06
PRJEB1775,ERR260505,Fecal,0,0.0,0,0.0
PRJEB1775,ERR260480,Fecal,0,0.0,0,0.0
PRJEB1775,ERR260482,Fecal,113,0.16,44912,0.06
PRJEB1775,ERR260485,Fecal,2,0.06,693,0.05
PRJEB1775,ERR260500,Fecal,0,0.0,0,0.0
PRJEB1775,ERR260499,Fecal,80,0.12,32662,0.06
PRJEB1775,ERR260481,Fecal,142,0.11,58412,0.05
PRJEB1775,ERR262959,Fecal,0,0.0,0,0.0
PRJEB1775,ERR262956,Fecal,105,0.21,39416,0.1
PRJEB1775,ERR262951,Fecal,117,0.12,50576,0.05
PRJEB1775,ERR262958,Fecal,73,0.13,27856,0.05
PRJEB1775,ERR262939,Fecal,27,0.11,10855,0.06
PRJEB1775,ERR260497,Fecal,61,0.12,22845,0.05
PRJEB1775,ERR260498,Fecal,105,0.14,42423,0.06
PRJEB1775,ERR260496,Fecal,10,0.19,3831,0.07
PRJEB1775,ERR262949,Fecal,4,0.06,1875,0.02
PRJEB1775,ERR260502,Fecal,111,0.12,44484,0.05
PRJEB1775,ERR260495,Fecal,144,0.12,61330,0.06
PRJEB1775,ERR260503,Fecal,68,0.11,26676,0.03
PRJEB1775,ERR262947,Fecal,41,0.09,16957,0.03
PRJEB1775,ERR262950,Fecal,4,0.05,2242,0.05
PRJEB1775,ERR260506,Fecal,4,0.09,1389,0.07
PRJEB1775,ERR260491,Fecal,1,0.01,376,0.0
PRJEB1775,ERR260486,Fecal,83,0.1,33158,0.05
PRJEB6045,ERR472949,Human,9851,11.94,4471389,8.82
